REGION	POS	REF	ALT	REF_DP	REF_RV	REF_QUAL	ALT_DP	ALT_RV	ALT_QUAL	ALT_FREQ	TOTAL_DP	PVAL	PASS	GFF_FEATURE	REF_CODON	REF_AA	ALT_CODON	ALT_AA
MN908947.3	100	C	T	3	0	39	1729	7	38	0.998268	1732	0	TRUE	NA	NA	NA	NA	NA
MN908947.3	241	C	T	1	0	77	1750	107	70	0.998858	1752	0	TRUE	NA	NA	NA	NA	NA
MN908947.3	3037	C	T	0	0	0	1731	170	71	1	1731	0	TRUE	NA	NA	NA	NA	NA
MN908947.3	3340	G	T	0	0	0	1767	58	74	1	1767	0	TRUE	NA	NA	NA	NA	NA
MN908947.3	10667	T	G	0	0	0	1344	1327	38	1	1344	0	TRUE	NA	NA	NA	NA	NA
MN908947.3	11335	G	T	2	2	29	5381	2303	38	0.999628	5383	0	TRUE	NA	NA	NA	NA	NA
MN908947.3	11824	C	T	0	0	0	1941	1892	38	0.999485	1942	0	TRUE	NA	NA	NA	NA	NA
MN908947.3	12053	C	T	0	0	0	2252	112	73	1	2252	0	TRUE	NA	NA	NA	NA	NA
MN908947.3	12076	C	T	1	0	77	2247	117	73	0.999555	2248	0	TRUE	NA	NA	NA	NA	NA
MN908947.3	12964	A	G	0	0	0	2510	2401	39	1	2510	0	TRUE	NA	NA	NA	NA	NA
MN908947.3	14408	C	T	2	0	62	2390	102	73	0.999164	2392	0	TRUE	NA	NA	NA	NA	NA
MN908947.3	23012	G	A	0	0	0	2174	106	74	0.99954	2175	0	TRUE	NA	NA	NA	NA	NA
MN908947.3	23403	A	G	0	0	0	1650	1634	38	0.999394	1651	0	TRUE	NA	NA	NA	NA	NA
MN908947.3	25088	G	T	0	0	0	2228	5	38	1	2228	0	TRUE	NA	NA	NA	NA	NA
MN908947.3	28253	C	T	23	2	65	2547	91	71	0.991051	2570	0	TRUE	NA	NA	NA	NA	NA
MN908947.3	28628	G	T	0	0	0	961	83	70	0.99896	962	0	TRUE	NA	NA	NA	NA	NA
MN908947.3	28881	G	A	0	0	0	1501	103	70	1	1501	0	TRUE	NA	NA	NA	NA	NA
MN908947.3	28882	G	A	0	0	0	1502	101	69	1	1502	0	TRUE	NA	NA	NA	NA	NA
MN908947.3	28883	G	C	0	0	0	1501	102	70	1	1501	0	TRUE	NA	NA	NA	NA	NA
MN908947.3	28975	G	T	0	0	0	1430	1418	38	1	1430	0	TRUE	NA	NA	NA	NA	NA
MN908947.3	29754	C	T	0	0	0	1153	1142	38	1	1153	0	TRUE	NA	NA	NA	NA	NA
