REGION	POS	REF	ALT	REF_DP	REF_RV	REF_QUAL	ALT_DP	ALT_RV	ALT_QUAL	ALT_FREQ	TOTAL_DP	PVAL	PASS	GFF_FEATURE	REF_CODON	REF_AA	ALT_CODON	ALT_AA
MN908947.3	241	C	T	1	0	27	3970	184	71	0.999748	3971	0	TRUE	NA	NA	NA	NA	NA
MN908947.3	1363	T	A	3	0	39	2886	9	39	0.998962	2889	0	TRUE	NA	NA	NA	NA	NA
MN908947.3	3037	C	T	1	0	77	4433	601	70	0.999774	4434	0	TRUE	NA	NA	NA	NA	NA
MN908947.3	7767	T	C	0	0	0	1326	20	42	1	1326	0	TRUE	NA	NA	NA	NA	NA
MN908947.3	8047	C	T	3	0	37	4897	11	38	0.999388	4900	0	TRUE	NA	NA	NA	NA	NA
MN908947.3	10645	C	T	0	0	0	2273	2209	39	0.99956	2274	0	TRUE	NA	NA	NA	NA	NA
MN908947.3	11557	G	T	5	5	38	7060	544	72	0.999292	7065	0	TRUE	NA	NA	NA	NA	NA
MN908947.3	12988	G	T	0	0	0	4786	4535	39	0.999791	4787	0	TRUE	NA	NA	NA	NA	NA
MN908947.3	14408	C	T	2	0	72	5337	266	73	0.999625	5339	0	TRUE	NA	NA	NA	NA	NA
MN908947.3	15598	G	A	3	1	38	4510	16	38	0.999335	4513	0	TRUE	NA	NA	NA	NA	NA
MN908947.3	17104	C	T	3	0	38	13414	3915	38	0.999776	13417	0	TRUE	NA	NA	NA	NA	NA
MN908947.3	17740	C	T	0	0	0	4887	5	38	1	4887	0	TRUE	NA	NA	NA	NA	NA
MN908947.3	18028	G	T	2	0	38	9545	4879	38	0.999476	9550	0	TRUE	NA	NA	NA	NA	NA
MN908947.3	20268	A	G	1	0	20	2568	24	38	0.999611	2569	0	TRUE	NA	NA	NA	NA	NA
MN908947.3	20451	C	T	0	0	0	2593	2531	39	1	2593	0	TRUE	NA	NA	NA	NA	NA
MN908947.3	21764	A	-TACATG	2029	11	38	2085	0	20	0.999042	2087	0	TRUE	NA	NA	NA	NA	NA
MN908947.3	22879	C	A	0	0	0	2971	4	38	1	2971	0	TRUE	NA	NA	NA	NA	NA
MN908947.3	23403	A	G	0	0	0	4459	4393	39	1	4459	0	TRUE	NA	NA	NA	NA	NA
MN908947.3	24910	T	C	3	0	70	3826	309	70	0.999217	3829	0	TRUE	NA	NA	NA	NA	NA
MN908947.3	25606	G	T	7	3	37	4404	4371	38	0.998413	4411	0	TRUE	NA	NA	NA	NA	NA
MN908947.3	26313	C	T	6	1	38	4881	28	39	0.998772	4887	0	TRUE	NA	NA	NA	NA	NA
MN908947.3	26972	T	C	1	0	39	6608	183	53	0.999849	6609	0	TRUE	NA	NA	NA	NA	NA
MN908947.3	27800	C	A	5	4	38	3305	3168	38	0.998489	3310	0	TRUE	NA	NA	NA	NA	NA
MN908947.3	29734	G	C	0	0	0	4050	347	69	1	4050	0	TRUE	NA	NA	NA	NA	NA
