REGION	POS	REF	ALT	REF_DP	REF_RV	REF_QUAL	ALT_DP	ALT_RV	ALT_QUAL	ALT_FREQ	TOTAL_DP	PVAL	PASS	GFF_FEATURE	REF_CODON	REF_AA	ALT_CODON	ALT_AA
MN908947.3	100	C	T	1	0	39	3660	17	38	0.999727	3661	0	TRUE	NA	NA	NA	NA	NA
MN908947.3	241	C	T	2	0	64	3697	159	72	0.999459	3699	0	TRUE	NA	NA	NA	NA	NA
MN908947.3	3037	C	T	0	0	0	3749	357	72	1	3749	0	TRUE	NA	NA	NA	NA	NA
MN908947.3	3340	G	T	0	0	0	3679	107	75	1	3679	0	TRUE	NA	NA	NA	NA	NA
MN908947.3	10667	T	G	2	1	38	2836	2808	38	0.998592	2840	0	TRUE	NA	NA	NA	NA	NA
MN908947.3	11335	G	T	0	0	0	10767	4734	38	1	10767	0	TRUE	NA	NA	NA	NA	NA
MN908947.3	11824	C	T	1	1	39	4226	4095	38	0.999291	4229	0	TRUE	NA	NA	NA	NA	NA
MN908947.3	12053	C	T	1	0	25	4706	183	74	0.999363	4709	0	TRUE	NA	NA	NA	NA	NA
MN908947.3	12076	C	T	0	0	0	4710	213	74	0.999788	4711	0	TRUE	NA	NA	NA	NA	NA
MN908947.3	12964	A	G	0	0	0	5852	5654	39	1	5852	0	TRUE	NA	NA	NA	NA	NA
MN908947.3	14408	C	T	0	0	0	4841	216	74	1	4841	0	TRUE	NA	NA	NA	NA	NA
MN908947.3	23012	G	A	0	0	0	3970	182	74	0.999496	3972	0	TRUE	NA	NA	NA	NA	NA
MN908947.3	23403	A	G	0	0	0	3440	3403	38	1	3440	0	TRUE	NA	NA	NA	NA	NA
MN908947.3	25088	G	T	0	0	0	4654	21	39	0.99957	4656	0	TRUE	NA	NA	NA	NA	NA
MN908947.3	28253	C	T	40	2	65	5487	178	72	0.992763	5527	0	TRUE	NA	NA	NA	NA	NA
MN908947.3	28628	G	T	0	0	0	2082	178	70	1	2082	0	TRUE	NA	NA	NA	NA	NA
MN908947.3	28881	G	A	2	0	57	3374	234	71	0.999408	3376	0	TRUE	NA	NA	NA	NA	NA
MN908947.3	28882	G	A	0	0	0	3374	232	69	1	3374	0	TRUE	NA	NA	NA	NA	NA
MN908947.3	28883	G	C	0	0	0	3379	236	70	0.999408	3381	0	TRUE	NA	NA	NA	NA	NA
MN908947.3	28975	G	T	0	0	0	3256	3241	38	0.999693	3257	0	TRUE	NA	NA	NA	NA	NA
MN908947.3	29754	C	T	0	0	0	2405	2384	38	0.999584	2406	0	TRUE	NA	NA	NA	NA	NA
