REGION	POS	REF	ALT	REF_DP	REF_RV	REF_QUAL	ALT_DP	ALT_RV	ALT_QUAL	ALT_FREQ	TOTAL_DP	PVAL	PASS	GFF_FEATURE	REF_CODON	REF_AA	ALT_CODON	ALT_AA
MN908947.3	204	G	T	0	0	0	2924	142	68	1	2924	0	TRUE	NA	NA	NA	NA	NA
MN908947.3	241	C	T	0	0	0	2941	185	70	1	2941	0	TRUE	NA	NA	NA	NA	NA
MN908947.3	445	T	C	2	1	33	4409	28	37	0.999547	4411	0	TRUE	NA	NA	NA	NA	NA
MN908947.3	1625	C	T	0	0	0	2275	2	38	1	2275	0	TRUE	NA	NA	NA	NA	NA
MN908947.3	3037	C	T	1	0	77	2795	355	70	0.999642	2796	0	TRUE	NA	NA	NA	NA	NA
MN908947.3	4454	G	T	0	0	0	3041	129	71	1	3041	0	TRUE	NA	NA	NA	NA	NA
MN908947.3	6286	C	T	0	0	0	3299	28	39	1	3299	0	TRUE	NA	NA	NA	NA	NA
MN908947.3	14408	C	T	0	0	0	4039	198	73	1	4039	0	TRUE	NA	NA	NA	NA	NA
MN908947.3	15480	C	T	2	1	35	4003	4003	38	0.999251	4006	0	TRUE	NA	NA	NA	NA	NA
MN908947.3	21255	G	C	0	0	0	3684	315	71	0.999729	3685	0	TRUE	NA	NA	NA	NA	NA
MN908947.3	21614	C	T	1	1	37	1819	1585	40	0.998353	1822	0	TRUE	NA	NA	NA	NA	NA
MN908947.3	22227	C	T	0	0	0	3318	3244	39	1	3318	0	TRUE	NA	NA	NA	NA	NA
MN908947.3	23403	A	G	0	0	0	3851	3785	39	0.99974	3852	0	TRUE	NA	NA	NA	NA	NA
MN908947.3	24138	C	T	0	0	0	5015	3616	38	1	5015	0	TRUE	NA	NA	NA	NA	NA
MN908947.3	26801	C	G	0	0	0	3014	2982	38	1	3014	0	TRUE	NA	NA	NA	NA	NA
MN908947.3	27944	C	T	0	0	0	2228	109	72	1	2228	0	TRUE	NA	NA	NA	NA	NA
MN908947.3	28932	C	T	0	0	0	2924	2917	38	1	2924	0	TRUE	NA	NA	NA	NA	NA
MN908947.3	29645	G	T	1	1	28	4747	2131	56	0.999579	4749	0	TRUE	NA	NA	NA	NA	NA
