REGION	POS	REF	ALT	REF_DP	REF_RV	REF_QUAL	ALT_DP	ALT_RV	ALT_QUAL	ALT_FREQ	TOTAL_DP	PVAL	PASS	GFF_FEATURE	REF_CODON	REF_AA	ALT_CODON	ALT_AA
MN908947.3	241	C	T	1	0	71	6250	330	71	0.99984	6251	0	TRUE	NA	NA	NA	NA	NA
MN908947.3	408	A	G	5	1	37	8721	22	38	0.999427	8726	0	TRUE	NA	NA	NA	NA	NA
MN908947.3	445	T	C	7	0	37	8695	30	37	0.999196	8702	0	TRUE	NA	NA	NA	NA	NA
MN908947.3	2764	G	T	0	0	0	2775	2597	40	0.99964	2776	0	TRUE	NA	NA	NA	NA	NA
MN908947.3	3037	C	T	1	0	74	5500	695	70	0.999818	5501	0	TRUE	NA	NA	NA	NA	NA
MN908947.3	6286	C	T	1	0	39	4752	47	40	0.99979	4753	0	TRUE	NA	NA	NA	NA	NA
MN908947.3	9073	C	T	0	0	0	3376	178	72	1	3376	0	TRUE	NA	NA	NA	NA	NA
MN908947.3	14408	C	T	3	0	63	7024	358	73	0.999573	7027	0	TRUE	NA	NA	NA	NA	NA
MN908947.3	21255	G	C	0	0	0	8588	638	71	0.999534	8592	0	TRUE	NA	NA	NA	NA	NA
MN908947.3	22088	C	T	2	0	58	4393	31	41	0.99909	4397	0	TRUE	NA	NA	NA	NA	NA
MN908947.3	22227	C	T	2	2	38	4562	4404	39	0.999124	4566	0	TRUE	NA	NA	NA	NA	NA
MN908947.3	23403	A	G	1	1	39	6520	6439	39	0.999693	6522	0	TRUE	NA	NA	NA	NA	NA
MN908947.3	26801	C	G	0	0	0	5388	5355	38	0.999629	5390	0	TRUE	NA	NA	NA	NA	NA
MN908947.3	28932	C	T	3	3	38	4060	4041	38	0.998524	4066	0	TRUE	NA	NA	NA	NA	NA
MN908947.3	29645	G	T	1	1	20	6660	1440	59	0.99985	6661	0	TRUE	NA	NA	NA	NA	NA
MN908947.3	29686	C	T	6	2	57	4236	214	71	0.998586	4242	0	TRUE	NA	NA	NA	NA	NA
