REGION	POS	REF	ALT	REF_DP	REF_RV	REF_QUAL	ALT_DP	ALT_RV	ALT_QUAL	ALT_FREQ	TOTAL_DP	PVAL	PASS	GFF_FEATURE	REF_CODON	REF_AA	ALT_CODON	ALT_AA
MN908947.3	204	G	T	0	0	0	3725	140	68	1	3725	0	TRUE	NA	NA	NA	NA	NA
MN908947.3	241	C	T	1	0	77	3745	200	70	0.999733	3746	0	TRUE	NA	NA	NA	NA	NA
MN908947.3	445	T	C	1	0	38	4688	20	37	0.999787	4689	0	TRUE	NA	NA	NA	NA	NA
MN908947.3	1758	C	T	0	0	0	2020	120	71	1	2020	0	TRUE	NA	NA	NA	NA	NA
MN908947.3	3037	C	T	0	0	0	3576	558	68	1	3576	0	TRUE	NA	NA	NA	NA	NA
MN908947.3	5575	C	T	1	1	36	6203	6194	38	0.999356	6207	0	TRUE	NA	NA	NA	NA	NA
MN908947.3	6286	C	T	0	0	0	3145	41	40	1	3145	0	TRUE	NA	NA	NA	NA	NA
MN908947.3	7042	G	T	0	0	0	1265	1233	38	1	1265	0	TRUE	NA	NA	NA	NA	NA
MN908947.3	11518	C	T	3	0	70	6697	366	72	0.999552	6700	0	TRUE	NA	NA	NA	NA	NA
MN908947.3	11962	C	T	2	0	20	4855	89	38	0.999588	4857	0	TRUE	NA	NA	NA	NA	NA
MN908947.3	14408	C	T	3	0	64	3772	206	72	0.999205	3775	0	TRUE	NA	NA	NA	NA	NA
MN908947.3	15753	A	G	0	0	0	4081	3996	39	0.999755	4082	0	TRUE	NA	NA	NA	NA	NA
MN908947.3	19655	A	G	2	1	38	1897	63	40	0.998947	1899	0	TRUE	NA	NA	NA	NA	NA
MN908947.3	21255	G	C	0	0	0	5589	420	71	0.999285	5593	0	TRUE	NA	NA	NA	NA	NA
MN908947.3	21614	C	T	0	0	0	1883	1388	40	1	1883	0	TRUE	NA	NA	NA	NA	NA
MN908947.3	22227	C	T	0	0	0	2638	2525	40	1	2638	0	TRUE	NA	NA	NA	NA	NA
MN908947.3	23403	A	G	0	0	0	3610	3544	39	0.999723	3611	0	TRUE	NA	NA	NA	NA	NA
MN908947.3	23611	G	A	1	0	75	2347	120	69	0.999574	2348	0	TRUE	NA	NA	NA	NA	NA
MN908947.3	24767	C	T	1	0	20	2937	8	38	0.99966	2938	0	TRUE	NA	NA	NA	NA	NA
MN908947.3	26801	C	G	1	1	39	3669	3660	38	0.999728	3670	0	TRUE	NA	NA	NA	NA	NA
MN908947.3	27182	T	C	2	1	39	9108	5342	38	0.99978	9110	0	TRUE	NA	NA	NA	NA	NA
MN908947.3	27944	C	T	0	0	0	2434	90	72	1	2434	0	TRUE	NA	NA	NA	NA	NA
MN908947.3	28932	C	T	0	0	0	3114	3096	38	1	3114	0	TRUE	NA	NA	NA	NA	NA
MN908947.3	29645	G	T	1	1	39	5731	2200	58	0.999826	5732	0	TRUE	NA	NA	NA	NA	NA
