REGION	POS	REF	ALT	REF_DP	REF_RV	REF_QUAL	ALT_DP	ALT_RV	ALT_QUAL	ALT_FREQ	TOTAL_DP	PVAL	PASS	GFF_FEATURE	REF_CODON	REF_AA	ALT_CODON	ALT_AA
MN908947.3	241	C	T	1	0	38	4247	518	65	0.999529	4249	0	TRUE	NA	NA	NA	NA	NA
MN908947.3	2416	C	T	1	0	76	3466	1212	57	0.999135	3469	0	TRUE	NA	NA	NA	NA	NA
MN908947.3	3037	C	T	0	0	0	4433	523	67	1	4433	0	TRUE	NA	NA	NA	NA	NA
MN908947.3	3094	A	G	2	0	73	4449	1684	57	0.999551	4451	0	TRUE	NA	NA	NA	NA	NA
MN908947.3	14408	C	T	1	0	21	5798	362	68	0.999828	5799	0	TRUE	NA	NA	NA	NA	NA
MN908947.3	23403	A	G	1	1	38	6170	2978	53	0.999352	6174	0	TRUE	NA	NA	NA	NA	NA
MN908947.3	25563	G	T	1	1	22	5430	2996	52	0.99908	5435	0	TRUE	NA	NA	NA	NA	NA
