REGION	POS	REF	ALT	REF_DP	REF_RV	REF_QUAL	ALT_DP	ALT_RV	ALT_QUAL	ALT_FREQ	TOTAL_DP	PVAL	PASS	GFF_FEATURE	REF_CODON	REF_AA	ALT_CODON	ALT_AA
MN908947.3	241	C	T	0	0	0	801	93	65	1	801	0	TRUE	NA	NA	NA	NA	NA
MN908947.3	2416	C	T	0	0	0	2635	1027	56	1	2635	0	TRUE	NA	NA	NA	NA	NA
MN908947.3	3037	C	T	0	0	0	2847	355	67	1	2847	0	TRUE	NA	NA	NA	NA	NA
MN908947.3	9891	C	T	862	25	53	865	28	54	0.500869	1727	0	TRUE	NA	NA	NA	NA	NA
MN908947.3	14408	C	T	4	0	75	3144	229	68	0.998729	3148	0	TRUE	NA	NA	NA	NA	NA
MN908947.3	23403	A	G	0	0	0	2594	1220	53	1	2594	0	TRUE	NA	NA	NA	NA	NA
MN908947.3	25563	G	T	1	1	22	2927	1637	51	0.998976	2930	0	TRUE	NA	NA	NA	NA	NA
MN908947.3	26233	G	T	0	0	0	5074	2647	37	0.999803	5075	0	TRUE	NA	NA	NA	NA	NA
