REGION	POS	REF	ALT	REF_DP	REF_RV	REF_QUAL	ALT_DP	ALT_RV	ALT_QUAL	ALT_FREQ	TOTAL_DP	PVAL	PASS	GFF_FEATURE	REF_CODON	REF_AA	ALT_CODON	ALT_AA
MN908947.3	2480	A	G	1	1	38	6094	3923	48	0.999508	6097	0	TRUE	NA	NA	NA	NA	NA
MN908947.3	2558	C	T	3	0	34	11622	5977	37	0.999742	11625	0	TRUE	NA	NA	NA	NA	NA
MN908947.3	11083	G	T	0	0	0	8319	258	37	0.99988	8320	0	TRUE	NA	NA	NA	NA	NA
MN908947.3	14805	C	T	1	0	75	6781	1975	60	0.999853	6782	0	TRUE	NA	NA	NA	NA	NA
MN908947.3	18508	C	T	237	94	55	7637	3119	55	0.969532	7877	0	TRUE	NA	NA	NA	NA	NA
MN908947.3	26144	G	T	2	2	24	7107	1717	60	0.999719	7109	0	TRUE	NA	NA	NA	NA	NA
