REGION	POS	REF	ALT	REF_DP	REF_RV	REF_QUAL	ALT_DP	ALT_RV	ALT_QUAL	ALT_FREQ	TOTAL_DP	PVAL	PASS	GFF_FEATURE	REF_CODON	REF_AA	ALT_CODON	ALT_AA
MN908947.3	241	C	T	0	0	0	13676	1825	65	1	13676	0	TRUE	NA	NA	NA	NA	NA
MN908947.3	1059	C	T	10	1	44	31257	527	55	0.999584	31270	0	TRUE	NA	NA	NA	NA	NA
MN908947.3	3037	C	T	3	2	48	26486	3223	67	0.999811	26491	0	TRUE	NA	NA	NA	NA	NA
MN908947.3	14408	C	T	9	2	53	28128	1997	68	0.999609	28139	0	TRUE	NA	NA	NA	NA	NA
MN908947.3	23403	A	G	5	2	57	29553	14372	53	0.999526	29567	0	TRUE	NA	NA	NA	NA	NA
MN908947.3	25563	G	T	2	2	24	30651	17301	51	0.999772	30658	0	TRUE	NA	NA	NA	NA	NA
