REGION	POS	REF	ALT	REF_DP	REF_RV	REF_QUAL	ALT_DP	ALT_RV	ALT_QUAL	ALT_FREQ	TOTAL_DP	PVAL	PASS	GFF_FEATURE	REF_CODON	REF_AA	ALT_CODON	ALT_AA
MN908947.3	490	T	A	0	0	0	5400	501	52	0.99963	5402	0	TRUE	NA	NA	NA	NA	NA
MN908947.3	3177	C	T	3	1	33	4819	1596	37	0.999378	4822	0	TRUE	NA	NA	NA	NA	NA
MN908947.3	6040	C	T	0	0	0	2322	245	62	1	2322	0	TRUE	NA	NA	NA	NA	NA
MN908947.3	8782	C	T	0	0	0	566	82	61	0.98951	572	0	TRUE	NA	NA	NA	NA	NA
MN908947.3	8950	C	T	0	0	0	4014	649	37	1	4014	0	TRUE	NA	NA	NA	NA	NA
MN908947.3	12478	G	A	2	0	37	4001	106	37	0.999251	4004	0	TRUE	NA	NA	NA	NA	NA
MN908947.3	18736	T	C	0	0	0	2112	193	57	0.999054	2114	0	TRUE	NA	NA	NA	NA	NA
MN908947.3	24034	C	T	1	0	22	4017	1104	60	0.999502	4019	0	TRUE	NA	NA	NA	NA	NA
MN908947.3	26729	T	C	0	0	0	5504	717	63	0.995658	5528	0	TRUE	NA	NA	NA	NA	NA
MN908947.3	28077	G	C	1	1	23	3026	1493	51	0.997363	3034	0	TRUE	NA	NA	NA	NA	NA
MN908947.3	28144	T	C	3	2	32	6487	2846	37	0.986766	6574	0	TRUE	NA	NA	NA	NA	NA
MN908947.3	28896	C	G	1	0	38	4324	1226	58	0.998845	4329	0	TRUE	NA	NA	NA	NA	NA
MN908947.3	29451	C	T	1	0	38	473	59	55	0.99789	474	0	TRUE	NA	NA	NA	NA	NA
MN908947.3	29700	A	G	0	0	0	119	35	55	0.991667	120	5.46884e-88	TRUE	NA	NA	NA	NA	NA
