REGION	POS	REF	ALT	REF_DP	REF_RV	REF_QUAL	ALT_DP	ALT_RV	ALT_QUAL	ALT_FREQ	TOTAL_DP	PVAL	PASS	GFF_FEATURE	REF_CODON	REF_AA	ALT_CODON	ALT_AA
MN908947.3	241	C	T	1	0	65	3915	618	63	0.999234	3918	0	TRUE	NA	NA	NA	NA	NA
MN908947.3	1059	C	T	0	0	0	8031	191	55	0.999502	8035	0	TRUE	NA	NA	NA	NA	NA
MN908947.3	3037	C	T	1	0	76	6424	796	67	0.999689	6426	0	TRUE	NA	NA	NA	NA	NA
MN908947.3	14408	C	T	1	0	75	7012	613	67	0.999857	7013	0	TRUE	NA	NA	NA	NA	NA
MN908947.3	23403	A	G	2	1	52	6623	3262	52	0.999095	6629	0	TRUE	NA	NA	NA	NA	NA
MN908947.3	25563	G	T	0	0	0	7683	4287	51	0.99987	7684	0	TRUE	NA	NA	NA	NA	NA
