REGION	POS	REF	ALT	REF_DP	REF_RV	REF_QUAL	ALT_DP	ALT_RV	ALT_QUAL	ALT_FREQ	TOTAL_DP	PVAL	PASS	GFF_FEATURE	REF_CODON	REF_AA	ALT_CODON	ALT_AA
MN908947.3	241	C	T	1	0	76	1904	502	55	0.999475	1905	0	TRUE	NA	NA	NA	NA	NA
MN908947.3	1059	C	T	0	0	0	4734	240	51	0.999789	4735	0	TRUE	NA	NA	NA	NA	NA
MN908947.3	3037	C	T	0	0	0	4027	886	60	1	4027	0	TRUE	NA	NA	NA	NA	NA
MN908947.3	14408	C	T	0	0	0	4742	797	63	1	4742	0	TRUE	NA	NA	NA	NA	NA
MN908947.3	23403	A	G	3	2	47	4056	2132	50	0.998523	4062	0	TRUE	NA	NA	NA	NA	NA
MN908947.3	25563	G	T	0	0	0	4669	2732	49	0.999572	4671	0	TRUE	NA	NA	NA	NA	NA
