REGION	POS	REF	ALT	REF_DP	REF_RV	REF_QUAL	ALT_DP	ALT_RV	ALT_QUAL	ALT_FREQ	TOTAL_DP	PVAL	PASS	GFF_FEATURE	REF_CODON	REF_AA	ALT_CODON	ALT_AA
MN908947.3	6312	C	A	1	1	29	1535	170	60	0.999349	1536	0	TRUE	NA	NA	NA	NA	NA
MN908947.3	11083	G	T	0	0	0	1725	122	38	0.999421	1726	0	TRUE	NA	NA	NA	NA	NA
MN908947.3	11455	C	T	0	0	0	422	87	54	1	422	3.95269e-304	TRUE	NA	NA	NA	NA	NA
MN908947.3	13730	C	T	1	0	75	6768	560	60	0.999705	6770	0	TRUE	NA	NA	NA	NA	NA
MN908947.3	23929	C	T	0	0	0	4027	373	62	0.998512	4033	0	TRUE	NA	NA	NA	NA	NA
MN908947.3	28311	C	T	0	0	0	3286	804	57	1	3286	0	TRUE	NA	NA	NA	NA	NA
