REGION	POS	REF	ALT	REF_DP	REF_RV	REF_QUAL	ALT_DP	ALT_RV	ALT_QUAL	ALT_FREQ	TOTAL_DP	PVAL	PASS	GFF_FEATURE	REF_CODON	REF_AA	ALT_CODON	ALT_AA
MN908947.3	241	C	T	0	0	0	913	191	59	0.998906	914	0	TRUE	NA	NA	NA	NA	NA
MN908947.3	1059	C	T	1	0	66	5194	268	54	0.999615	5196	0	TRUE	NA	NA	NA	NA	NA
MN908947.3	3037	C	T	0	0	0	240	65	54	1	240	1.2803e-174	TRUE	NA	NA	NA	NA	NA
MN908947.3	4504	G	T	69	14	58	835	161	61	0.923673	904	0	TRUE	NA	NA	NA	NA	NA
MN908947.3	5869	C	T	7	5	34	593	525	38	0.988333	600	0	TRUE	NA	NA	NA	NA	NA
MN908947.3	14408	C	T	3	1	38	344	68	59	0.991354	347	3.56633e-254	TRUE	NA	NA	NA	NA	NA
MN908947.3	23403	A	G	3	2	34	5856	2806	52	0.998465	5865	0	TRUE	NA	NA	NA	NA	NA
MN908947.3	25563	G	T	1	1	22	4719	2532	51	0.999365	4722	0	TRUE	NA	NA	NA	NA	NA
MN908947.3	27964	C	T	0	0	0	514	137	55	1	514	0	TRUE	NA	NA	NA	NA	NA
