REGION	POS	REF	ALT	REF_DP	REF_RV	REF_QUAL	ALT_DP	ALT_RV	ALT_QUAL	ALT_FREQ	TOTAL_DP	PVAL	PASS	GFF_FEATURE	REF_CODON	REF_AA	ALT_CODON	ALT_AA
MN908947.3	241	C	T	1	0	76	3779	582	63	0.999735	3780	0	TRUE	NA	NA	NA	NA	NA
MN908947.3	1059	C	T	0	0	0	6049	203	55	0.999504	6052	0	TRUE	NA	NA	NA	NA	NA
MN908947.3	3037	C	T	4	0	74	4170	591	65	0.999042	4174	0	TRUE	NA	NA	NA	NA	NA
MN908947.3	10523	G	C	1	0	21	3527	282	58	0.995765	3542	0	TRUE	NA	NA	NA	NA	NA
MN908947.3	12119	C	T	3	2	33	6406	1959	59	0.998908	6413	0	TRUE	NA	NA	NA	NA	NA
MN908947.3	14408	C	T	1	0	44	5832	539	66	0.999657	5834	0	TRUE	NA	NA	NA	NA	NA
MN908947.3	18086	C	A	0	0	0	4444	262	56	0.99955	4446	0	TRUE	NA	NA	NA	NA	NA
MN908947.3	23403	A	G	2	2	37	5354	2566	52	0.998881	5360	0	TRUE	NA	NA	NA	NA	NA
MN908947.3	25563	G	T	0	0	0	5332	2914	51	0.999063	5337	0	TRUE	NA	NA	NA	NA	NA
