REGION	POS	REF	ALT	REF_DP	REF_RV	REF_QUAL	ALT_DP	ALT_RV	ALT_QUAL	ALT_FREQ	TOTAL_DP	PVAL	PASS	GFF_FEATURE	REF_CODON	REF_AA	ALT_CODON	ALT_AA
MN908947.3	106	C	T	2	0	37	2418	112	38	0.998761	2421	0	TRUE	NA	NA	NA	NA	NA
MN908947.3	241	C	T	1	0	76	2413	418	62	0.999586	2414	0	TRUE	NA	NA	NA	NA	NA
MN908947.3	3037	C	T	0	0	0	1293	226	63	1	1293	0	TRUE	NA	NA	NA	NA	NA
MN908947.3	4255	G	A	2	1	53	5492	687	64	0.99909	5497	0	TRUE	NA	NA	NA	NA	NA
MN908947.3	14408	C	T	0	0	0	1930	232	65	1	1930	0	TRUE	NA	NA	NA	NA	NA
MN908947.3	17004	C	T	2928	853	58	2366	596	60	0.445658	5309	0	TRUE	NA	NA	NA	NA	NA
MN908947.3	23403	A	G	2	0	70	7317	3472	52	0.998908	7325	0	TRUE	NA	NA	NA	NA	NA
MN908947.3	23595	C	T	0	0	0	3956	376	58	0.999747	3957	0	TRUE	NA	NA	NA	NA	NA
MN908947.3	28881	G	A	0	0	0	5880	1065	60	0.99983	5881	0	TRUE	NA	NA	NA	NA	NA
MN908947.3	28882	G	A	0	0	0	5867	1067	60	1	5867	0	TRUE	NA	NA	NA	NA	NA
MN908947.3	28883	G	C	0	0	0	5884	1096	61	0.99966	5886	0	TRUE	NA	NA	NA	NA	NA
