REGION	POS	REF	ALT	REF_DP	REF_RV	REF_QUAL	ALT_DP	ALT_RV	ALT_QUAL	ALT_FREQ	TOTAL_DP	PVAL	PASS	GFF_FEATURE	REF_CODON	REF_AA	ALT_CODON	ALT_AA
MN908947.3	241	C	T	1	1	34	1852	336	61	0.998921	1854	0	TRUE	NA	NA	NA	NA	NA
MN908947.3	1059	C	T	0	0	0	5898	315	53	0.999661	5900	0	TRUE	NA	NA	NA	NA	NA
MN908947.3	3037	C	T	0	0	0	528	109	60	1	528	0	TRUE	NA	NA	NA	NA	NA
MN908947.3	14408	C	T	0	0	0	765	105	63	1	765	0	TRUE	NA	NA	NA	NA	NA
MN908947.3	20755	A	C	5	3	36	630	300	50	0.992126	635	0	TRUE	NA	NA	NA	NA	NA
MN908947.3	23403	A	G	1	1	38	5489	2626	52	0.999272	5493	0	TRUE	NA	NA	NA	NA	NA
MN908947.3	25563	G	T	0	0	0	6041	3401	50	1	6041	0	TRUE	NA	NA	NA	NA	NA
