REGION	POS	REF	ALT	REF_DP	REF_RV	REF_QUAL	ALT_DP	ALT_RV	ALT_QUAL	ALT_FREQ	TOTAL_DP	PVAL	PASS	GFF_FEATURE	REF_CODON	REF_AA	ALT_CODON	ALT_AA
MN908947.3	241	C	T	0	0	0	1584	250	63	1	1584	0	TRUE	NA	NA	NA	NA	NA
MN908947.3	1059	C	T	0	0	0	3629	60	54	0.999725	3630	0	TRUE	NA	NA	NA	NA	NA
MN908947.3	1917	C	T	5	3	36	10649	4449	37	0.999437	10655	0	TRUE	NA	NA	NA	NA	NA
MN908947.3	3037	C	T	0	0	0	2354	292	67	1	2354	0	TRUE	NA	NA	NA	NA	NA
MN908947.3	14408	C	T	0	0	0	2569	206	68	1	2569	0	TRUE	NA	NA	NA	NA	NA
MN908947.3	23403	A	G	1	1	32	3391	1691	52	0.998528	3396	0	TRUE	NA	NA	NA	NA	NA
MN908947.3	25563	G	T	0	0	0	3453	2019	51	1	3453	0	TRUE	NA	NA	NA	NA	NA
