REGION	POS	REF	ALT	REF_DP	REF_RV	REF_QUAL	ALT_DP	ALT_RV	ALT_QUAL	ALT_FREQ	TOTAL_DP	PVAL	PASS	GFF_FEATURE	REF_CODON	REF_AA	ALT_CODON	ALT_AA
MN908947.3	490	T	A	0	0	0	4025	230	53	0.999752	4026	0	TRUE	NA	NA	NA	NA	NA
MN908947.3	3177	C	T	0	0	0	5883	2812	37	0.99983	5884	0	TRUE	NA	NA	NA	NA	NA
MN908947.3	6040	C	T	0	0	0	2199	157	64	1	2199	0	TRUE	NA	NA	NA	NA	NA
MN908947.3	8782	C	T	1	0	76	2956	274	64	0.999662	2957	0	TRUE	NA	NA	NA	NA	NA
MN908947.3	12478	G	A	1	0	34	3869	24	37	0.999483	3871	0	TRUE	NA	NA	NA	NA	NA
MN908947.3	18736	T	C	0	0	0	2790	135	59	0.999284	2792	0	TRUE	NA	NA	NA	NA	NA
MN908947.3	19488	C	T	92	35	57	228	108	54	0.71028	321	1.16406e-125	TRUE	NA	NA	NA	NA	NA
MN908947.3	24034	C	T	0	0	0	4343	1088	62	0.99977	4344	0	TRUE	NA	NA	NA	NA	NA
MN908947.3	26729	T	C	0	0	0	3685	383	66	0.993261	3710	0	TRUE	NA	NA	NA	NA	NA
MN908947.3	28077	G	C	0	0	0	3850	1920	52	0.997926	3858	0	TRUE	NA	NA	NA	NA	NA
MN908947.3	28144	T	C	5	2	37	7154	3696	37	0.989215	7232	0	TRUE	NA	NA	NA	NA	NA
MN908947.3	28896	C	G	0	0	0	2348	607	60	1	2348	0	TRUE	NA	NA	NA	NA	NA
MN908947.3	29700	A	G	0	0	0	642	116	60	0.990741	648	0	TRUE	NA	NA	NA	NA	NA
