REGION	POS	REF	ALT	REF_DP	REF_RV	REF_QUAL	ALT_DP	ALT_RV	ALT_QUAL	ALT_FREQ	TOTAL_DP	PVAL	PASS	GFF_FEATURE	REF_CODON	REF_AA	ALT_CODON	ALT_AA
MN908947.3	241	C	T	0	0	0	1798	305	62	1	1798	0	TRUE	NA	NA	NA	NA	NA
MN908947.3	1059	C	T	5	0	39	4392	206	54	0.998636	4398	0	TRUE	NA	NA	NA	NA	NA
MN908947.3	3037	C	T	0	0	0	729	127	63	1	729	0	TRUE	NA	NA	NA	NA	NA
MN908947.3	10523	G	C	1	0	38	1198	135	57	0.998333	1200	0	TRUE	NA	NA	NA	NA	NA
MN908947.3	12119	C	T	11	7	39	1296	427	57	0.991584	1307	0	TRUE	NA	NA	NA	NA	NA
MN908947.3	14408	C	T	1	0	76	1041	101	65	0.998082	1043	0	TRUE	NA	NA	NA	NA	NA
MN908947.3	18086	C	A	0	0	0	641	73	55	1	641	0	TRUE	NA	NA	NA	NA	NA
MN908947.3	23403	A	G	2	1	56	4231	2074	52	0.999055	4235	0	TRUE	NA	NA	NA	NA	NA
MN908947.3	25563	G	T	0	0	0	4220	2324	50	0.99929	4223	0	TRUE	NA	NA	NA	NA	NA
