REGION	POS	REF	ALT	REF_DP	REF_RV	REF_QUAL	ALT_DP	ALT_RV	ALT_QUAL	ALT_FREQ	TOTAL_DP	PVAL	PASS	GFF_FEATURE	REF_CODON	REF_AA	ALT_CODON	ALT_AA
MN908947.3	241	C	T	1	0	43	4446	1000	58	0.999775	4447	0	TRUE	NA	NA	NA	NA	NA
MN908947.3	337	C	T	2	1	38	4271	4032	37	0.998831	4276	0	TRUE	NA	NA	NA	NA	NA
MN908947.3	379	C	A	0	0	0	7978	4229	37	0.999499	7982	0	TRUE	NA	NA	NA	NA	NA
MN908947.3	1059	C	T	1	0	70	6843	429	52	0.999708	6845	0	TRUE	NA	NA	NA	NA	NA
MN908947.3	3037	C	T	0	0	0	2175	434	62	1	2175	0	TRUE	NA	NA	NA	NA	NA
MN908947.3	14408	C	T	3	1	48	2810	365	63	0.998934	2813	0	TRUE	NA	NA	NA	NA	NA
MN908947.3	23403	A	G	2	0	74	7389	3756	51	0.999459	7393	0	TRUE	NA	NA	NA	NA	NA
MN908947.3	25563	G	T	0	0	0	7369	4234	49	0.999729	7371	0	TRUE	NA	NA	NA	NA	NA
