REGION	POS	REF	ALT	REF_DP	REF_RV	REF_QUAL	ALT_DP	ALT_RV	ALT_QUAL	ALT_FREQ	TOTAL_DP	PVAL	PASS	GFF_FEATURE	REF_CODON	REF_AA	ALT_CODON	ALT_AA
MN908947.3	241	C	T	0	0	0	2874	462	63	1	2874	0	TRUE	NA	NA	NA	NA	NA
MN908947.3	1059	C	T	1	0	23	4870	119	55	0.999589	4872	0	TRUE	NA	NA	NA	NA	NA
MN908947.3	3037	C	T	2	2	31	4491	552	67	0.999555	4493	0	TRUE	NA	NA	NA	NA	NA
MN908947.3	14408	C	T	0	0	0	4520	337	68	0.999337	4523	0	TRUE	NA	NA	NA	NA	NA
MN908947.3	23403	A	G	0	0	0	4813	2345	52	0.998962	4818	0	TRUE	NA	NA	NA	NA	NA
MN908947.3	25563	G	T	0	0	0	4826	2721	51	1	4826	0	TRUE	NA	NA	NA	NA	NA
