REGION	POS	REF	ALT	REF_DP	REF_RV	REF_QUAL	ALT_DP	ALT_RV	ALT_QUAL	ALT_FREQ	TOTAL_DP	PVAL	PASS	GFF_FEATURE	REF_CODON	REF_AA	ALT_CODON	ALT_AA
MN908947.3	241	C	T	0	0	0	3390	666	60	1	3390	0	TRUE	NA	NA	NA	NA	NA
MN908947.3	1059	C	T	0	0	0	5292	207	54	1	5292	0	TRUE	NA	NA	NA	NA	NA
MN908947.3	1917	C	T	1	0	22	8601	6862	37	0.999884	8602	0	TRUE	NA	NA	NA	NA	NA
MN908947.3	3037	C	T	1	0	38	3182	489	64	0.999372	3184	0	TRUE	NA	NA	NA	NA	NA
MN908947.3	8697	C	T	1	0	35	695	37	50	0.998563	696	0	TRUE	NA	NA	NA	NA	NA
MN908947.3	14408	C	T	1	0	75	4976	549	65	0.999598	4978	0	TRUE	NA	NA	NA	NA	NA
MN908947.3	23403	A	G	0	0	0	5055	2557	51	0.996059	5075	0	TRUE	NA	NA	NA	NA	NA
MN908947.3	25563	G	T	0	0	0	5168	2888	50	0.99942	5171	0	TRUE	NA	NA	NA	NA	NA
MN908947.3	27434	C	T	171	82	52	6590	3441	51	0.974276	6764	0	TRUE	NA	NA	NA	NA	NA
