REGION	POS	REF	ALT	REF_DP	REF_RV	REF_QUAL	ALT_DP	ALT_RV	ALT_QUAL	ALT_FREQ	TOTAL_DP	PVAL	PASS	GFF_FEATURE	REF_CODON	REF_AA	ALT_CODON	ALT_AA
MN908947.3	2480	A	G	0	0	0	2232	1406	48	0.999552	2233	0	TRUE	NA	NA	NA	NA	NA
MN908947.3	2558	C	T	0	0	0	4704	2220	37	0.999575	4706	0	TRUE	NA	NA	NA	NA	NA
MN908947.3	4912	A	C	2	0	74	3614	1090	58	0.999447	3616	0	TRUE	NA	NA	NA	NA	NA
MN908947.3	11083	G	T	0	0	0	3556	203	38	0.999719	3557	0	TRUE	NA	NA	NA	NA	NA
MN908947.3	14805	C	T	2	0	75	3128	821	60	0.999361	3130	0	TRUE	NA	NA	NA	NA	NA
MN908947.3	17010	C	A	2	2	28	4971	1786	56	0.999196	4975	0	TRUE	NA	NA	NA	NA	NA
MN908947.3	20133	C	T	875	446	51	910	442	52	0.509233	1787	0	TRUE	NA	NA	NA	NA	NA
MN908947.3	21575	C	T	1	0	44	1357	189	63	0.999264	1358	0	TRUE	NA	NA	NA	NA	NA
MN908947.3	26144	G	T	1	1	27	3234	856	58	0.999691	3235	0	TRUE	NA	NA	NA	NA	NA
