REGION	POS	REF	ALT	REF_DP	REF_RV	REF_QUAL	ALT_DP	ALT_RV	ALT_QUAL	ALT_FREQ	TOTAL_DP	PVAL	PASS	GFF_FEATURE	REF_CODON	REF_AA	ALT_CODON	ALT_AA
MN908947.3	241	C	T	2	1	51	5995	1082	62	0.999666	5997	0	TRUE	NA	NA	NA	NA	NA
MN908947.3	1059	C	T	0	0	0	8694	418	54	0.999885	8695	0	TRUE	NA	NA	NA	NA	NA
MN908947.3	3037	C	T	0	0	0	4761	634	66	1	4761	0	TRUE	NA	NA	NA	NA	NA
MN908947.3	14408	C	T	1	0	73	7423	733	66	0.999865	7424	0	TRUE	NA	NA	NA	NA	NA
MN908947.3	23403	A	G	22	11	52	7701	3730	52	0.995476	7736	0	TRUE	NA	NA	NA	NA	NA
MN908947.3	25563	G	T	0	0	0	8444	4598	51	0.999763	8446	0	TRUE	NA	NA	NA	NA	NA
