REGION	POS	REF	ALT	REF_DP	REF_RV	REF_QUAL	ALT_DP	ALT_RV	ALT_QUAL	ALT_FREQ	TOTAL_DP	PVAL	PASS	GFF_FEATURE	REF_CODON	REF_AA	ALT_CODON	ALT_AA
MN908947.3	241	C	T	0	0	0	919	182	60	1	919	0	TRUE	NA	NA	NA	NA	NA
MN908947.3	1059	C	T	0	0	0	3985	162	54	0.999749	3986	0	TRUE	NA	NA	NA	NA	NA
MN908947.3	3037	C	T	0	0	0	129	40	52	0.984733	131	1.68484e-91	TRUE	NA	NA	NA	NA	NA
MN908947.3	14408	C	T	0	0	0	178	34	61	1	178	2.42642e-135	TRUE	NA	NA	NA	NA	NA
MN908947.3	23403	A	G	1	0	75	4527	2238	52	0.998676	4533	0	TRUE	NA	NA	NA	NA	NA
MN908947.3	25563	G	T	0	0	0	3881	2080	51	0.999485	3883	0	TRUE	NA	NA	NA	NA	NA
MN908947.3	28393	T	C	0	0	0	3027	2176	37	0.99934	3029	0	TRUE	NA	NA	NA	NA	NA
