REGION	POS	REF	ALT	REF_DP	REF_RV	REF_QUAL	ALT_DP	ALT_RV	ALT_QUAL	ALT_FREQ	TOTAL_DP	PVAL	PASS	GFF_FEATURE	REF_CODON	REF_AA	ALT_CODON	ALT_AA
MN908947.3	490	T	A	0	0	0	1526	73	54	1	1526	0	TRUE	NA	NA	NA	NA	NA
MN908947.3	3177	C	T	1	1	37	3045	1255	37	0.998033	3051	0	TRUE	NA	NA	NA	NA	NA
MN908947.3	6040	C	T	0	0	0	937	61	65	1	937	0	TRUE	NA	NA	NA	NA	NA
MN908947.3	8782	C	T	0	0	0	646	51	64	1	646	0	TRUE	NA	NA	NA	NA	NA
MN908947.3	12478	G	A	0	0	0	1725	4	37	1	1725	0	TRUE	NA	NA	NA	NA	NA
MN908947.3	18736	T	C	0	0	0	1462	69	59	1	1462	0	TRUE	NA	NA	NA	NA	NA
MN908947.3	24034	C	T	0	0	0	1689	458	62	0.999408	1690	0	TRUE	NA	NA	NA	NA	NA
MN908947.3	26729	T	C	0	0	0	1798	158	66	0.998889	1800	0	TRUE	NA	NA	NA	NA	NA
MN908947.3	28077	G	C	0	0	0	1499	760	51	0.998668	1501	0	TRUE	NA	NA	NA	NA	NA
MN908947.3	28144	T	C	1	1	38	3441	1467	37	0.997391	3450	0	TRUE	NA	NA	NA	NA	NA
MN908947.3	28896	C	G	0	0	0	791	202	59	1	791	0	TRUE	NA	NA	NA	NA	NA
MN908947.3	29700	A	G	0	0	0	131	28	61	1	131	4.4242e-101	TRUE	NA	NA	NA	NA	NA
