REGION	POS	REF	ALT	REF_DP	REF_RV	REF_QUAL	ALT_DP	ALT_RV	ALT_QUAL	ALT_FREQ	TOTAL_DP	PVAL	PASS	GFF_FEATURE	REF_CODON	REF_AA	ALT_CODON	ALT_AA
MN908947.3	2480	A	G	1	1	27	4190	2753	48	0.999761	4191	0	TRUE	NA	NA	NA	NA	NA
MN908947.3	2558	C	T	1	1	24	5258	4263	37	0.99981	5259	0	TRUE	NA	NA	NA	NA	NA
MN908947.3	4912	A	C	1	0	33	3657	1134	60	0.999727	3658	0	TRUE	NA	NA	NA	NA	NA
MN908947.3	11083	G	T	0	0	0	3216	4	37	0.999689	3217	0	TRUE	NA	NA	NA	NA	NA
MN908947.3	14805	C	T	0	0	0	1414	381	61	1	1414	0	TRUE	NA	NA	NA	NA	NA
MN908947.3	17010	C	A	1	0	34	4404	1660	57	0.999546	4406	0	TRUE	NA	NA	NA	NA	NA
MN908947.3	21575	C	T	0	0	0	914	76	68	1	914	0	TRUE	NA	NA	NA	NA	NA
MN908947.3	26144	G	T	0	0	0	4060	1060	60	1	4060	0	TRUE	NA	NA	NA	NA	NA
