REGION	POS	REF	ALT	REF_DP	REF_RV	REF_QUAL	ALT_DP	ALT_RV	ALT_QUAL	ALT_FREQ	TOTAL_DP	PVAL	PASS	GFF_FEATURE	REF_CODON	REF_AA	ALT_CODON	ALT_AA
MN908947.3	241	C	T	0	0	0	2048	429	59	1	2048	0	TRUE	NA	NA	NA	NA	NA
MN908947.3	3037	C	T	0	0	0	1028	202	61	1	1028	0	TRUE	NA	NA	NA	NA	NA
MN908947.3	14408	C	T	1	0	72	1364	185	63	0.999267	1365	0	TRUE	NA	NA	NA	NA	NA
MN908947.3	19839	T	C	0	0	0	440	230	47	0.997732	441	5.20249e-301	TRUE	NA	NA	NA	NA	NA
MN908947.3	23403	A	G	4	2	52	5576	2802	51	0.998746	5583	0	TRUE	NA	NA	NA	NA	NA
MN908947.3	28833	C	T	2	1	48	3864	413	55	0.999483	3866	0	TRUE	NA	NA	NA	NA	NA
MN908947.3	28881	G	A	2	1	47	3868	851	58	0.999483	3870	0	TRUE	NA	NA	NA	NA	NA
MN908947.3	28882	G	A	1	0	70	3872	849	57	0.999742	3873	0	TRUE	NA	NA	NA	NA	NA
MN908947.3	28883	G	C	1	0	64	3882	869	59	0.998971	3886	0	TRUE	NA	NA	NA	NA	NA
