REGION	POS	REF	ALT	REF_DP	REF_RV	REF_QUAL	ALT_DP	ALT_RV	ALT_QUAL	ALT_FREQ	TOTAL_DP	PVAL	PASS	GFF_FEATURE	REF_CODON	REF_AA	ALT_CODON	ALT_AA
MN908947.3	241	C	T	2	0	74	3506	503	63	0.99943	3508	0	TRUE	NA	NA	NA	NA	NA
MN908947.3	3037	C	T	2	0	74	4436	512	67	0.999549	4438	0	TRUE	NA	NA	NA	NA	NA
MN908947.3	9172	T	C	1	0	54	3955	1791	55	0.99899	3959	0	TRUE	NA	NA	NA	NA	NA
MN908947.3	10948	A	G	0	0	0	3615	1528	54	0.999723	3616	0	TRUE	NA	NA	NA	NA	NA
MN908947.3	14408	C	T	2	0	49	4767	368	68	0.999581	4769	0	TRUE	NA	NA	NA	NA	NA
MN908947.3	16658	C	T	1	0	74	2975	782	59	0.999664	2976	0	TRUE	NA	NA	NA	NA	NA
MN908947.3	23403	A	G	0	0	0	4571	2267	52	0.999563	4573	0	TRUE	NA	NA	NA	NA	NA
MN908947.3	26730	G	T	0	0	0	5123	478	66	1	5123	0	TRUE	NA	NA	NA	NA	NA
MN908947.3	28881	G	A	0	0	0	3721	624	61	1	3721	0	TRUE	NA	NA	NA	NA	NA
MN908947.3	28882	G	A	0	0	0	3718	625	61	0.999194	3721	0	TRUE	NA	NA	NA	NA	NA
MN908947.3	28883	G	C	0	0	0	3727	639	62	0.999464	3729	0	TRUE	NA	NA	NA	NA	NA
