REGION	POS	REF	ALT	REF_DP	REF_RV	REF_QUAL	ALT_DP	ALT_RV	ALT_QUAL	ALT_FREQ	TOTAL_DP	PVAL	PASS	GFF_FEATURE	REF_CODON	REF_AA	ALT_CODON	ALT_AA
MN908947.3	241	C	T	0	0	0	2822	495	62	1	2822	0	TRUE	NA	NA	NA	NA	NA
MN908947.3	3037	C	T	1	0	73	3317	500	65	0.999699	3318	0	TRUE	NA	NA	NA	NA	NA
MN908947.3	9172	T	C	1	1	34	6149	2681	54	0.991295	6203	0	TRUE	NA	NA	NA	NA	NA
MN908947.3	10948	A	G	0	0	0	3684	1503	53	0.998645	3689	0	TRUE	NA	NA	NA	NA	NA
MN908947.3	14408	C	T	2	1	30	5626	709	65	0.999645	5628	0	TRUE	NA	NA	NA	NA	NA
MN908947.3	23403	A	G	1	1	38	6922	3326	52	0.999422	6926	0	TRUE	NA	NA	NA	NA	NA
MN908947.3	26730	G	T	2	1	23	8225	1085	64	0.999635	8228	0	TRUE	NA	NA	NA	NA	NA
MN908947.3	28881	G	A	0	0	0	4527	803	60	1	4527	0	TRUE	NA	NA	NA	NA	NA
MN908947.3	28882	G	A	1	0	76	4522	800	60	0.999558	4524	0	TRUE	NA	NA	NA	NA	NA
MN908947.3	28883	G	C	0	0	0	4542	819	61	0.99978	4543	0	TRUE	NA	NA	NA	NA	NA
