REGION	POS	REF	ALT	REF_DP	REF_RV	REF_QUAL	ALT_DP	ALT_RV	ALT_QUAL	ALT_FREQ	TOTAL_DP	PVAL	PASS	GFF_FEATURE	REF_CODON	REF_AA	ALT_CODON	ALT_AA
MN908947.3	241	C	T	0	0	0	3955	586	63	0.999747	3956	0	TRUE	NA	NA	NA	NA	NA
MN908947.3	1059	C	T	0	0	0	7466	299	55	0.999732	7468	0	TRUE	NA	NA	NA	NA	NA
MN908947.3	3037	C	T	0	0	0	3245	446	66	1	3245	0	TRUE	NA	NA	NA	NA	NA
MN908947.3	11083	G	T	0	0	0	2894	148	37	0.999655	2895	0	TRUE	NA	NA	NA	NA	NA
MN908947.3	14408	C	T	1	0	76	3215	341	66	0.999689	3216	0	TRUE	NA	NA	NA	NA	NA
MN908947.3	15594	G	A	1	0	36	5193	220	52	0.999807	5194	0	TRUE	NA	NA	NA	NA	NA
MN908947.3	23403	A	G	1	1	36	6276	2949	52	0.999045	6282	0	TRUE	NA	NA	NA	NA	NA
MN908947.3	25563	G	T	0	0	0	7559	4008	52	0.999735	7561	0	TRUE	NA	NA	NA	NA	NA
MN908947.3	29861	G	C	9	4	37	4	2	38	0.307692	13	0.0565217	FALSE	NA	NA	NA	NA	NA
