REGION	POS	REF	ALT	REF_DP	REF_RV	REF_QUAL	ALT_DP	ALT_RV	ALT_QUAL	ALT_FREQ	TOTAL_DP	PVAL	PASS	GFF_FEATURE	REF_CODON	REF_AA	ALT_CODON	ALT_AA
MN908947.3	241	C	T	0	0	0	2232	388	62	1	2232	0	TRUE	NA	NA	NA	NA	NA
MN908947.3	2416	C	T	0	0	0	825	333	53	1	825	0	TRUE	NA	NA	NA	NA	NA
MN908947.3	3037	C	T	0	0	0	694	118	63	1	694	0	TRUE	NA	NA	NA	NA	NA
MN908947.3	4523	G	A	2	1	38	2688	534	63	0.998885	2691	0	TRUE	NA	NA	NA	NA	NA
MN908947.3	10712	C	T	0	0	0	3149	1424	37	0.999683	3150	0	TRUE	NA	NA	NA	NA	NA
MN908947.3	14408	C	T	2	1	36	1080	120	65	0.99723	1083	0	TRUE	NA	NA	NA	NA	NA
MN908947.3	23403	A	G	0	0	0	6759	3242	52	0.998965	6766	0	TRUE	NA	NA	NA	NA	NA
MN908947.3	25563	G	T	0	0	0	6953	3870	51	0.999712	6955	0	TRUE	NA	NA	NA	NA	NA
MN908947.3	27673	C	T	0	0	0	268	111	44	1	268	4.39545e-177	TRUE	NA	NA	NA	NA	NA
