REGION	POS	REF	ALT	REF_DP	REF_RV	REF_QUAL	ALT_DP	ALT_RV	ALT_QUAL	ALT_FREQ	TOTAL_DP	PVAL	PASS	GFF_FEATURE	REF_CODON	REF_AA	ALT_CODON	ALT_AA
MN908947.3	241	C	T	1	0	75	3580	154	71	0.999721	3581	0	TRUE	NA	NA	NA	NA	NA
MN908947.3	408	A	G	5	3	34	5075	17	38	0.998819	5081	0	TRUE	NA	NA	NA	NA	NA
MN908947.3	445	T	C	2	0	36	5038	19	37	0.999405	5041	0	TRUE	NA	NA	NA	NA	NA
MN908947.3	2764	G	T	0	0	0	1616	1502	40	0.999382	1617	0	TRUE	NA	NA	NA	NA	NA
MN908947.3	3037	C	T	0	0	0	3251	415	70	1	3251	0	TRUE	NA	NA	NA	NA	NA
MN908947.3	6286	C	T	0	0	0	2515	32	40	0.999603	2516	0	TRUE	NA	NA	NA	NA	NA
MN908947.3	9073	C	T	1	0	76	1862	87	73	0.999463	1863	0	TRUE	NA	NA	NA	NA	NA
MN908947.3	14408	C	T	1	0	76	3476	170	73	0.999712	3477	0	TRUE	NA	NA	NA	NA	NA
MN908947.3	21255	G	C	0	0	0	5231	358	71	0.999809	5232	0	TRUE	NA	NA	NA	NA	NA
MN908947.3	22088	C	T	0	0	0	2649	25	41	1	2649	0	TRUE	NA	NA	NA	NA	NA
MN908947.3	22227	C	T	0	0	0	2749	2660	39	1	2749	0	TRUE	NA	NA	NA	NA	NA
MN908947.3	23403	A	G	0	0	0	3780	3731	39	1	3780	0	TRUE	NA	NA	NA	NA	NA
MN908947.3	26801	C	G	0	0	0	2688	2676	38	0.999628	2689	0	TRUE	NA	NA	NA	NA	NA
MN908947.3	28932	C	T	0	0	0	2437	2430	38	1	2437	0	TRUE	NA	NA	NA	NA	NA
MN908947.3	29645	G	T	0	0	0	4060	913	58	1	4060	0	TRUE	NA	NA	NA	NA	NA
MN908947.3	29686	C	T	5	1	54	2543	138	71	0.998038	2548	0	TRUE	NA	NA	NA	NA	NA
