REGION	POS	REF	ALT	REF_DP	REF_RV	REF_QUAL	ALT_DP	ALT_RV	ALT_QUAL	ALT_FREQ	TOTAL_DP	PVAL	PASS	GFF_FEATURE	REF_CODON	REF_AA	ALT_CODON	ALT_AA
MN908947.3	241	C	T	1	0	63	1428	78	71	0.9993	1429	0	TRUE	NA	NA	NA	NA	NA
MN908947.3	313	C	T	0	0	0	1391	1389	38	0.999282	1392	0	TRUE	NA	NA	NA	NA	NA
MN908947.3	3037	C	T	0	0	0	319	54	67	1	319	1.93199e-249	TRUE	NA	NA	NA	NA	NA
MN908947.3	3328	G	-ACTATTGAAGTGAATAGT	377	19	71	708	0	20	0.992987	713	1.42134e-204	TRUE	NA	NA	NA	NA	NA
MN908947.3	7943	T	A	12	10	39	4	0	33	0.25	16	0.057842	FALSE	NA	NA	NA	NA	NA
MN908947.3	11379	C	T	0	0	0	1052	26	38	1	1052	0	TRUE	NA	NA	NA	NA	NA
MN908947.3	14408	C	T	0	0	0	113	13	69	1	113	4.53869e-89	TRUE	NA	NA	NA	NA	NA
MN908947.3	23403	A	G	0	0	0	378	378	38	1	378	1.14585e-227	TRUE	NA	NA	NA	NA	NA
MN908947.3	28086	G	T	7	2	38	661	653	38	0.989521	668	0	TRUE	NA	NA	NA	NA	NA
MN908947.3	28881	G	A	0	0	0	666	106	68	1	666	0	TRUE	NA	NA	NA	NA	NA
MN908947.3	28882	G	A	0	0	0	665	106	66	1	665	0	TRUE	NA	NA	NA	NA	NA
MN908947.3	28883	G	C	0	0	0	668	108	67	1	668	0	TRUE	NA	NA	NA	NA	NA
