REGION	POS	REF	ALT	REF_DP	REF_RV	REF_QUAL	ALT_DP	ALT_RV	ALT_QUAL	ALT_FREQ	TOTAL_DP	PVAL	PASS	GFF_FEATURE	REF_CODON	REF_AA	ALT_CODON	ALT_AA
MN908947.3	241	C	T	0	0	0	876	42	71	0.99886	877	0	TRUE	NA	NA	NA	NA	NA
MN908947.3	2416	C	T	0	0	0	36	2	74	1	36	8.95772e-29	TRUE	NA	NA	NA	NA	NA
MN908947.3	3037	C	T	0	0	0	115	28	64	1	115	3.49973e-88	TRUE	NA	NA	NA	NA	NA
MN908947.3	14408	C	T	1	0	52	56	5	72	0.982456	57	7.14892e-44	TRUE	NA	NA	NA	NA	NA
MN908947.3	14786	C	T	0	0	0	250	14	71	0.996016	251	3.3621e-200	TRUE	NA	NA	NA	NA	NA
MN908947.3	17007	T	C	242	236	39	246	238	39	0.504098	488	6.35721e-95	TRUE	NA	NA	NA	NA	NA
MN908947.3	20578	G	T	0	0	0	163	3	39	1	163	1.65662e-97	TRUE	NA	NA	NA	NA	NA
MN908947.3	23403	A	G	0	0	0	121	116	40	1	121	9.16917e-74	TRUE	NA	NA	NA	NA	NA
MN908947.3	25563	G	T	0	0	0	215	198	41	1	215	7.46104e-135	TRUE	NA	NA	NA	NA	NA
