REGION	POS	REF	ALT	REF_DP	REF_RV	REF_QUAL	ALT_DP	ALT_RV	ALT_QUAL	ALT_FREQ	TOTAL_DP	PVAL	PASS	GFF_FEATURE	REF_CODON	REF_AA	ALT_CODON	ALT_AA
MN908947.3	241	C	T	0	0	0	6048	424	69	1	6048	0	TRUE	NA	NA	NA	NA	NA
MN908947.3	772	T	C	1	0	35	7999	112	39	0.999875	8000	0	TRUE	NA	NA	NA	NA	NA
MN908947.3	1439	G	T	0	0	0	1810	68	71	0.999448	1811	0	TRUE	NA	NA	NA	NA	NA
MN908947.3	2869	A	G	1	0	20	5606	738	38	0.999822	5607	0	TRUE	NA	NA	NA	NA	NA
MN908947.3	3037	C	T	0	0	0	5006	702	69	1	5006	0	TRUE	NA	NA	NA	NA	NA
MN908947.3	4456	C	T	0	0	0	921	62	72	1	921	0	TRUE	NA	NA	NA	NA	NA
MN908947.3	4794	C	T	0	0	0	1872	41	74	1	1872	0	TRUE	NA	NA	NA	NA	NA
MN908947.3	6352	G	T	0	0	0	1148	84	70	1	1148	0	TRUE	NA	NA	NA	NA	NA
MN908947.3	6445	C	T	0	0	0	1118	1068	38	1	1118	0	TRUE	NA	NA	NA	NA	NA
MN908947.3	10722	T	C	0	0	0	2213	967	38	1	2213	0	TRUE	NA	NA	NA	NA	NA
MN908947.3	10868	C	T	0	0	0	1295	80	73	1	1295	0	TRUE	NA	NA	NA	NA	NA
MN908947.3	14408	C	T	1	0	47	5275	235	73	0.999432	5278	0	TRUE	NA	NA	NA	NA	NA
MN908947.3	15652	G	T	0	0	0	5674	125	74	0.999824	5675	0	TRUE	NA	NA	NA	NA	NA
MN908947.3	15882	T	G	2	1	28	7467	7	37	0.999331	7472	0	TRUE	NA	NA	NA	NA	NA
MN908947.3	20465	A	G	141	139	37	109	56	37	0.436	250	3.73327e-40	TRUE	NA	NA	NA	NA	NA
MN908947.3	23403	A	G	0	0	0	1665	1624	39	1	1665	0	TRUE	NA	NA	NA	NA	NA
MN908947.3	23438	G	T	0	0	0	1726	1719	38	1	1726	0	TRUE	NA	NA	NA	NA	NA
MN908947.3	28881	G	A	1	0	74	3076	429	67	0.999675	3077	0	TRUE	NA	NA	NA	NA	NA
MN908947.3	28882	G	A	1	0	75	3080	433	65	0.999675	3081	0	TRUE	NA	NA	NA	NA	NA
MN908947.3	28883	G	C	0	0	0	3081	433	66	0.999676	3082	0	TRUE	NA	NA	NA	NA	NA
MN908947.3	29095	C	T	1	0	39	1872	4	38	0.999466	1873	0	TRUE	NA	NA	NA	NA	NA
