REGION	POS	REF	ALT	REF_DP	REF_RV	REF_QUAL	ALT_DP	ALT_RV	ALT_QUAL	ALT_FREQ	TOTAL_DP	PVAL	PASS	GFF_FEATURE	REF_CODON	REF_AA	ALT_CODON	ALT_AA
MN908947.3	241	C	T	2	0	73	6545	333	71	0.999542	6548	0	TRUE	NA	NA	NA	NA	NA
MN908947.3	1363	T	A	0	0	0	881	8	39	1	881	0	TRUE	NA	NA	NA	NA	NA
MN908947.3	3037	C	T	1	0	77	722	144	68	0.997238	724	0	TRUE	NA	NA	NA	NA	NA
MN908947.3	7767	T	C	0	0	0	62	1	49	1	62	2.64726e-41	TRUE	NA	NA	NA	NA	NA
MN908947.3	8047	C	T	1	0	39	4267	76	38	0.999766	4268	0	TRUE	NA	NA	NA	NA	NA
MN908947.3	11557	G	T	4	4	39	5228	299	73	0.999045	5233	0	TRUE	NA	NA	NA	NA	NA
MN908947.3	12988	G	T	1	1	39	1858	1437	47	0.998925	1860	0	TRUE	NA	NA	NA	NA	NA
MN908947.3	14408	C	T	0	0	0	550	32	73	1	550	0	TRUE	NA	NA	NA	NA	NA
MN908947.3	15598	G	A	0	0	0	4356	27	39	1	4356	0	TRUE	NA	NA	NA	NA	NA
MN908947.3	17104	C	T	1	0	39	17643	1713	38	0.999943	17644	0	TRUE	NA	NA	NA	NA	NA
MN908947.3	17740	C	T	1	0	39	519	11	38	0.998077	520	8.96485e-310	TRUE	NA	NA	NA	NA	NA
MN908947.3	18028	G	T	0	0	0	6254	675	38	0.99984	6255	0	TRUE	NA	NA	NA	NA	NA
MN908947.3	20268	A	G	0	0	0	118	3	42	1	118	5.83327e-74	TRUE	NA	NA	NA	NA	NA
MN908947.3	20451	C	T	0	0	0	102	98	39	1	102	8.96926e-62	TRUE	NA	NA	NA	NA	NA
MN908947.3	21764	A	-TACATG	435	12	39	443	0	20	0.988839	448	5.15463e-95	TRUE	NA	NA	NA	NA	NA
MN908947.3	22879	C	A	0	0	0	1120	9	38	0.994671	1126	0	TRUE	NA	NA	NA	NA	NA
MN908947.3	23403	A	G	0	0	0	828	791	40	1	828	0	TRUE	NA	NA	NA	NA	NA
MN908947.3	24910	T	C	1	0	78	1425	54	73	0.998598	1427	0	TRUE	NA	NA	NA	NA	NA
MN908947.3	25606	G	T	0	0	0	1281	1146	39	1	1281	0	TRUE	NA	NA	NA	NA	NA
MN908947.3	26313	C	T	1	0	39	1125	22	39	0.999112	1126	0	TRUE	NA	NA	NA	NA	NA
MN908947.3	26972	T	C	0	0	0	1758	58	62	1	1758	0	TRUE	NA	NA	NA	NA	NA
MN908947.3	27800	C	A	2	1	38	49	40	45	0.942308	52	1.38443e-29	TRUE	NA	NA	NA	NA	NA
MN908947.3	29734	G	C	0	0	0	467	32	70	1	467	0	TRUE	NA	NA	NA	NA	NA
