REGION	POS	REF	ALT	REF_DP	REF_RV	REF_QUAL	ALT_DP	ALT_RV	ALT_QUAL	ALT_FREQ	TOTAL_DP	PVAL	PASS	GFF_FEATURE	REF_CODON	REF_AA	ALT_CODON	ALT_AA
MN908947.3	2	T	C	1	0	38	45	37	38	0.978261	46	3.07821e-26	TRUE	NA	NA	NA	NA	NA
MN908947.3	44	C	T	0	0	0	494	140	52	1	494	0	TRUE	NA	NA	NA	NA	NA
MN908947.3	204	G	T	0	0	0	303	28	62	1	303	3.68186e-233	TRUE	NA	NA	NA	NA	NA
MN908947.3	241	C	T	0	0	0	277	28	62	1	277	6.32114e-214	TRUE	NA	NA	NA	NA	NA
MN908947.3	445	T	C	0	0	0	412	75	59	1	412	1.35733e-312	TRUE	NA	NA	NA	NA	NA
MN908947.3	1625	C	T	1	0	28	701	104	59	0.998575	702	0	TRUE	NA	NA	NA	NA	NA
MN908947.3	3037	C	T	2	1	38	611	60	62	0.996737	613	0	TRUE	NA	NA	NA	NA	NA
MN908947.3	4454	G	T	0	0	0	378	53	61	1	378	2.20708e-291	TRUE	NA	NA	NA	NA	NA
MN908947.3	6286	C	T	0	0	0	280	81	56	1	280	6.4439e-205	TRUE	NA	NA	NA	NA	NA
MN908947.3	14408	C	T	0	0	0	225	39	61	1	225	1.94751e-171	TRUE	NA	NA	NA	NA	NA
MN908947.3	15480	C	T	0	0	0	938	117	63	1	938	0	TRUE	NA	NA	NA	NA	NA
MN908947.3	21255	G	C	0	0	0	726	109	60	1	726	0	TRUE	NA	NA	NA	NA	NA
MN908947.3	21614	C	T	0	0	0	527	110	64	1	527	0	TRUE	NA	NA	NA	NA	NA
MN908947.3	22227	C	T	2	0	54	296	41	63	0.993289	298	7.11984e-226	TRUE	NA	NA	NA	NA	NA
MN908947.3	23403	A	G	0	0	0	541	113	61	1	541	0	TRUE	NA	NA	NA	NA	NA
MN908947.3	24138	C	T	0	0	0	433	133	55	1	433	0	TRUE	NA	NA	NA	NA	NA
MN908947.3	26801	C	G	0	0	0	565	62	63	0.996473	567	0	TRUE	NA	NA	NA	NA	NA
MN908947.3	27944	C	T	0	0	0	1297	370	58	1	1297	0	TRUE	NA	NA	NA	NA	NA
MN908947.3	28932	C	T	2	0	36	1168	190	62	0.998291	1170	0	TRUE	NA	NA	NA	NA	NA
MN908947.3	29645	G	T	0	0	0	752	147	62	1	752	0	TRUE	NA	NA	NA	NA	NA
