REGION	POS	REF	ALT	REF_DP	REF_RV	REF_QUAL	ALT_DP	ALT_RV	ALT_QUAL	ALT_FREQ	TOTAL_DP	PVAL	PASS	GFF_FEATURE	REF_CODON	REF_AA	ALT_CODON	ALT_AA
MN908947.3	241	C	T	0	0	0	1121	74	69	1	1121	0	TRUE	NA	NA	NA	NA	NA
MN908947.3	1363	T	A	0	0	0	818	8	38	1	818	0	TRUE	NA	NA	NA	NA	NA
MN908947.3	3037	C	T	0	0	0	174	32	68	0.994286	175	5.21652e-136	TRUE	NA	NA	NA	NA	NA
MN908947.3	7767	T	C	0	0	0	21	1	47	1	21	1.44019e-13	TRUE	NA	NA	NA	NA	NA
MN908947.3	8047	C	T	1	0	39	2787	17	38	0.999641	2788	0	TRUE	NA	NA	NA	NA	NA
MN908947.3	10645	C	T	0	0	0	146	127	38	1	146	2.69379e-87	TRUE	NA	NA	NA	NA	NA
MN908947.3	11557	G	T	7	6	38	1172	85	72	0.994063	1179	0	TRUE	NA	NA	NA	NA	NA
MN908947.3	12988	G	T	0	0	0	554	511	39	1	554	0	TRUE	NA	NA	NA	NA	NA
MN908947.3	14408	C	T	0	0	0	117	19	67	1	117	4.93403e-91	TRUE	NA	NA	NA	NA	NA
MN908947.3	15598	G	A	0	0	0	1147	6	38	1	1147	0	TRUE	NA	NA	NA	NA	NA
MN908947.3	17104	C	T	1	0	39	7098	641	38	0.999859	7099	0	TRUE	NA	NA	NA	NA	NA
MN908947.3	17740	C	T	0	0	0	291	6	38	1	291	3.82191e-174	TRUE	NA	NA	NA	NA	NA
MN908947.3	18028	G	T	6	3	38	1527	355	38	0.996086	1533	0	TRUE	NA	NA	NA	NA	NA
MN908947.3	20268	A	G	0	0	0	313	21	38	1	313	5.64164e-188	TRUE	NA	NA	NA	NA	NA
MN908947.3	20451	C	T	0	0	0	264	258	38	1	264	8.24405e-159	TRUE	NA	NA	NA	NA	NA
MN908947.3	21764	A	-TACATG	283	8	39	287	0	20	0.979522	293	3.1033e-63	TRUE	NA	NA	NA	NA	NA
MN908947.3	22879	C	A	0	0	0	813	4	38	0.996324	816	0	TRUE	NA	NA	NA	NA	NA
MN908947.3	23403	A	G	0	0	0	417	410	38	1	417	6.32101e-250	TRUE	NA	NA	NA	NA	NA
MN908947.3	24910	T	C	0	0	0	217	9	69	1	217	6.89193e-172	TRUE	NA	NA	NA	NA	NA
MN908947.3	25606	G	T	10	7	38	270	241	38	0.964286	280	2.09993e-150	TRUE	NA	NA	NA	NA	NA
MN908947.3	26313	C	T	0	0	0	1105	18	38	1	1105	0	TRUE	NA	NA	NA	NA	NA
MN908947.3	26972	T	C	1	0	39	1568	23	45	0.999363	1569	0	TRUE	NA	NA	NA	NA	NA
MN908947.3	27800	C	A	0	0	0	65	49	38	1	65	2.10377e-38	TRUE	NA	NA	NA	NA	NA
MN908947.3	29734	G	C	0	0	0	149	12	67	1	149	9.03323e-118	TRUE	NA	NA	NA	NA	NA
