REGION	POS	REF	ALT	REF_DP	REF_RV	REF_QUAL	ALT_DP	ALT_RV	ALT_QUAL	ALT_FREQ	TOTAL_DP	PVAL	PASS	GFF_FEATURE	REF_CODON	REF_AA	ALT_CODON	ALT_AA
MN908947.3	100	C	T	0	0	0	3376	8	38	1	3376	0	TRUE	NA	NA	NA	NA	NA
MN908947.3	241	C	T	2	0	55	3327	103	71	0.999399	3329	0	TRUE	NA	NA	NA	NA	NA
MN908947.3	3037	C	T	0	0	0	3888	349	72	1	3888	0	TRUE	NA	NA	NA	NA	NA
MN908947.3	3340	G	T	0	0	0	2698	75	74	0.999629	2699	0	TRUE	NA	NA	NA	NA	NA
MN908947.3	10667	T	G	4	0	34	1703	1681	38	0.997657	1707	0	TRUE	NA	NA	NA	NA	NA
MN908947.3	11335	G	T	3	3	39	6786	2024	38	0.999558	6789	0	TRUE	NA	NA	NA	NA	NA
MN908947.3	11824	C	T	1	0	39	2471	2321	38	0.999595	2472	0	TRUE	NA	NA	NA	NA	NA
MN908947.3	12053	C	T	1	0	77	4077	272	72	0.999755	4078	0	TRUE	NA	NA	NA	NA	NA
MN908947.3	12076	C	T	1	0	28	4084	293	72	0.999755	4085	0	TRUE	NA	NA	NA	NA	NA
MN908947.3	12964	A	G	1	1	37	2234	2138	39	0.999553	2235	0	TRUE	NA	NA	NA	NA	NA
MN908947.3	14408	C	T	2	1	55	3753	180	74	0.999467	3755	0	TRUE	NA	NA	NA	NA	NA
MN908947.3	23012	G	A	1	0	78	1543	60	73	0.998706	1545	0	TRUE	NA	NA	NA	NA	NA
MN908947.3	23403	A	G	0	0	0	3742	3651	38	0.999733	3743	0	TRUE	NA	NA	NA	NA	NA
MN908947.3	25088	G	T	0	0	0	1589	15	38	1	1589	0	TRUE	NA	NA	NA	NA	NA
MN908947.3	28253	C	T	19	2	65	1788	84	70	0.989485	1807	0	TRUE	NA	NA	NA	NA	NA
MN908947.3	28628	G	T	0	0	0	1478	123	67	1	1478	0	TRUE	NA	NA	NA	NA	NA
MN908947.3	28881	G	A	0	0	0	444	111	55	1	444	0	TRUE	NA	NA	NA	NA	NA
MN908947.3	28882	G	A	0	0	0	441	110	54	1	441	0	TRUE	NA	NA	NA	NA	NA
MN908947.3	28883	G	C	0	0	0	443	111	55	1	443	0	TRUE	NA	NA	NA	NA	NA
MN908947.3	28975	G	T	0	0	0	346	332	38	1	346	5.1251e-209	TRUE	NA	NA	NA	NA	NA
MN908947.3	29754	C	T	0	0	0	643	640	38	1	643	0	TRUE	NA	NA	NA	NA	NA
