REGION	POS	REF	ALT	REF_DP	REF_RV	REF_QUAL	ALT_DP	ALT_RV	ALT_QUAL	ALT_FREQ	TOTAL_DP	PVAL	PASS	GFF_FEATURE	REF_CODON	REF_AA	ALT_CODON	ALT_AA
MN908947.3	203	C	T	3576	104	69	1813	44	68	0.336426	5389	0	TRUE	NA	NA	NA	NA	NA
MN908947.3	241	C	T	0	0	0	5415	269	70	1	5415	0	TRUE	NA	NA	NA	NA	NA
MN908947.3	445	T	C	1	0	38	13624	33	38	0.999927	13625	0	TRUE	NA	NA	NA	NA	NA
MN908947.3	1125	G	A	3326	212	71	1156	74	72	0.257806	4484	0	TRUE	NA	NA	NA	NA	NA
MN908947.3	3037	C	T	2	0	76	1950	297	69	0.998975	1952	0	TRUE	NA	NA	NA	NA	NA
MN908947.3	4146	G	C	258	1	37	144	1	37	0.358209	402	3.06094e-51	TRUE	NA	NA	NA	NA	NA
MN908947.3	6286	C	T	0	0	0	370	1	40	1	370	3.80852e-228	TRUE	NA	NA	NA	NA	NA
MN908947.3	7861	T	-A	1179	81	73	1147	0	20	0.508873	2254	0	TRUE	NA	NA	NA	NA	NA
MN908947.3	9988	C	T	0	0	0	269	6	74	1	269	4.51787e-219	TRUE	NA	NA	NA	NA	NA
MN908947.3	11401	G	C	1	0	20	2843	35	41	0.999648	2844	0	TRUE	NA	NA	NA	NA	NA
MN908947.3	13968	C	T	3	0	38	1721	2	37	0.99826	1724	0	TRUE	NA	NA	NA	NA	NA
MN908947.3	14408	C	T	0	0	0	6016	260	73	1	6016	0	TRUE	NA	NA	NA	NA	NA
MN908947.3	14763	C	-T	522	23	73	1001	0	20	0.999002	1002	5.89418e-290	TRUE	NA	NA	NA	NA	NA
MN908947.3	16130	G	-AC	7980	7970	38	2295	0	20	0.283613	8092	0	TRUE	NA	NA	NA	NA	NA
MN908947.3	17081	G	C	0	0	0	241	239	37	1	241	3.59618e-146	TRUE	NA	NA	NA	NA	NA
MN908947.3	20930	C	T	0	0	0	148	7	72	1	148	1.48063e-119	TRUE	NA	NA	NA	NA	NA
MN908947.3	21255	G	C	0	0	0	1695	92	72	1	1695	0	TRUE	NA	NA	NA	NA	NA
MN908947.3	21732	C	-T	116	1	38	109	0	20	0.915966	119	2.30787e-24	TRUE	NA	NA	NA	NA	NA
MN908947.3	22227	C	T	0	0	0	30	29	38	1	30	1.69112e-17	TRUE	NA	NA	NA	NA	NA
MN908947.3	23403	A	G	0	0	0	1426	1343	40	1	1426	0	TRUE	NA	NA	NA	NA	NA
MN908947.3	23685	C	T	1038	535	55	445	220	57	0.300067	1483	1.27742e-196	TRUE	NA	NA	NA	NA	NA
MN908947.3	26573	T	-GAACAATGGAACCTAGTAATAGGTTTCCTATTC	8906	31	38	2972	0	20	0.332216	8946	0	TRUE	NA	NA	NA	NA	NA
MN908947.3	26606	C	G	3565	18	38	2337	9	38	0.395967	5902	0	TRUE	NA	NA	NA	NA	NA
MN908947.3	26801	C	G	0	0	0	8496	7050	44	0.999882	8497	0	TRUE	NA	NA	NA	NA	NA
MN908947.3	28262	G	A	14656	731	68	7680	3232	41	0.343824	22337	0	TRUE	NA	NA	NA	NA	NA
MN908947.3	28368	G	A	14388	13500	39	7250	3461	42	0.335059	21638	0	TRUE	NA	NA	NA	NA	NA
MN908947.3	28791	C	-AG	467	7	39	139	0	20	0.278557	499	2.23142e-34	TRUE	NA	NA	NA	NA	NA
MN908947.3	28932	C	T	0	0	0	456	450	38	1	456	5.73494e-277	TRUE	NA	NA	NA	NA	NA
MN908947.3	29645	G	T	0	0	0	5930	331	70	1	5930	0	TRUE	NA	NA	NA	NA	NA
