REGION	POS	REF	ALT	REF_DP	REF_RV	REF_QUAL	ALT_DP	ALT_RV	ALT_QUAL	ALT_FREQ	TOTAL_DP	PVAL	PASS	GFF_FEATURE	REF_CODON	REF_AA	ALT_CODON	ALT_AA
MN908947.3	204	G	T	0	0	0	1320	60	66	0.999243	1321	0	TRUE	NA	NA	NA	NA	NA
MN908947.3	241	C	T	0	0	0	1330	97	70	1	1330	0	TRUE	NA	NA	NA	NA	NA
MN908947.3	445	T	C	0	0	0	702	10	37	1	702	0	TRUE	NA	NA	NA	NA	NA
MN908947.3	3037	C	T	0	0	0	125	30	65	1	125	4.28935e-96	TRUE	NA	NA	NA	NA	NA
MN908947.3	6286	C	T	0	0	0	1065	14	39	1	1065	0	TRUE	NA	NA	NA	NA	NA
MN908947.3	6317	C	T	0	0	0	1096	53	69	1	1096	0	TRUE	NA	NA	NA	NA	NA
MN908947.3	14408	C	T	0	0	0	85	4	70	1	85	5.13537e-67	TRUE	NA	NA	NA	NA	NA
MN908947.3	18920	T	C	0	0	0	2836	1016	38	1	2836	0	TRUE	NA	NA	NA	NA	NA
MN908947.3	21255	G	C	0	0	0	1425	71	71	1	1425	0	TRUE	NA	NA	NA	NA	NA
MN908947.3	21614	C	T	0	0	0	143	120	40	1	143	1.10376e-86	TRUE	NA	NA	NA	NA	NA
MN908947.3	21631	A	T	0	0	0	142	120	39	1	142	4.40065e-86	TRUE	NA	NA	NA	NA	NA
MN908947.3	22227	C	T	0	0	0	271	246	41	1	271	2.03364e-167	TRUE	NA	NA	NA	NA	NA
MN908947.3	22321	T	C	1	0	20	1110	374	38	0.9991	1111	0	TRUE	NA	NA	NA	NA	NA
MN908947.3	23403	A	G	0	0	0	292	282	38	1	292	6.04338e-176	TRUE	NA	NA	NA	NA	NA
MN908947.3	24621	C	T	0	0	0	670	29	68	1	670	0	TRUE	NA	NA	NA	NA	NA
MN908947.3	26801	C	G	0	0	0	276	269	38	1	276	6.41511e-167	TRUE	NA	NA	NA	NA	NA
MN908947.3	27720	T	C	0	0	0	20	17	42	1	20	3.71569e-12	TRUE	NA	NA	NA	NA	NA
MN908947.3	27944	C	T	0	0	0	164	23	68	1	164	1.90186e-129	TRUE	NA	NA	NA	NA	NA
MN908947.3	28932	C	T	0	0	0	559	552	38	1	559	0	TRUE	NA	NA	NA	NA	NA
MN908947.3	29645	G	T	0	0	0	430	302	47	1	430	3.61919e-288	TRUE	NA	NA	NA	NA	NA
