REGION	POS	REF	ALT	REF_DP	REF_RV	REF_QUAL	ALT_DP	ALT_RV	ALT_QUAL	ALT_FREQ	TOTAL_DP	PVAL	PASS	GFF_FEATURE	REF_CODON	REF_AA	ALT_CODON	ALT_AA
MN908947.3	204	G	T	0	0	0	1354	50	67	1	1354	0	TRUE	NA	NA	NA	NA	NA
MN908947.3	241	C	T	1	0	76	1352	83	70	0.999261	1353	0	TRUE	NA	NA	NA	NA	NA
MN908947.3	445	T	C	0	0	0	645	7	37	1	645	0	TRUE	NA	NA	NA	NA	NA
MN908947.3	3037	C	T	0	0	0	120	20	67	1	120	6.20073e-93	TRUE	NA	NA	NA	NA	NA
MN908947.3	6286	C	T	0	0	0	1051	9	39	1	1051	0	TRUE	NA	NA	NA	NA	NA
MN908947.3	6310	C	T	1	0	78	1098	60	70	0.99909	1099	0	TRUE	NA	NA	NA	NA	NA
MN908947.3	11396	C	T	0	0	0	1447	12	38	1	1447	0	TRUE	NA	NA	NA	NA	NA
MN908947.3	14408	C	T	0	0	0	102	11	70	1	102	4.29701e-81	TRUE	NA	NA	NA	NA	NA
MN908947.3	14619	T	C	0	0	0	537	15	37	1	537	0	TRUE	NA	NA	NA	NA	NA
MN908947.3	21255	G	C	0	0	0	1342	65	72	1	1342	0	TRUE	NA	NA	NA	NA	NA
MN908947.3	21614	C	T	0	0	0	123	92	40	1	123	1.1319e-74	TRUE	NA	NA	NA	NA	NA
MN908947.3	22227	C	T	0	0	0	221	200	41	1	221	2.4711e-137	TRUE	NA	NA	NA	NA	NA
MN908947.3	23403	A	G	0	0	0	302	300	38	1	302	2.32449e-181	TRUE	NA	NA	NA	NA	NA
MN908947.3	23634	C	T	0	0	0	94	31	61	1	94	4.41644e-70	TRUE	NA	NA	NA	NA	NA
MN908947.3	26645	C	T	0	0	0	261	5	43	1	261	2.38179e-165	TRUE	NA	NA	NA	NA	NA
MN908947.3	26801	C	G	0	0	0	240	235	38	1	240	3.42179e-148	TRUE	NA	NA	NA	NA	NA
MN908947.3	27944	C	T	0	0	0	143	16	70	1	143	4.04776e-114	TRUE	NA	NA	NA	NA	NA
MN908947.3	28932	C	T	0	0	0	415	406	38	1	415	8.0827e-251	TRUE	NA	NA	NA	NA	NA
MN908947.3	29140	G	T	0	0	0	492	9	71	1	492	0	TRUE	NA	NA	NA	NA	NA
MN908947.3	29645	G	T	0	0	0	315	184	52	1	315	2.34734e-219	TRUE	NA	NA	NA	NA	NA
