REGION	POS	REF	ALT	REF_DP	REF_RV	REF_QUAL	ALT_DP	ALT_RV	ALT_QUAL	ALT_FREQ	TOTAL_DP	PVAL	PASS	GFF_FEATURE	REF_CODON	REF_AA	ALT_CODON	ALT_AA
MN908947.3	204	G	T	0	0	0	814	13	68	1	814	0	TRUE	NA	NA	NA	NA	NA
MN908947.3	241	C	T	0	0	0	820	30	72	1	820	0	TRUE	NA	NA	NA	NA	NA
MN908947.3	445	T	C	1	0	38	454	8	37	0.997802	455	3.97599e-270	TRUE	NA	NA	NA	NA	NA
MN908947.3	3037	C	T	0	0	0	56	9	70	1	56	2.38943e-44	TRUE	NA	NA	NA	NA	NA
MN908947.3	6286	C	T	0	0	0	507	3	39	1	507	7.7973e-309	TRUE	NA	NA	NA	NA	NA
MN908947.3	11533	A	G	0	0	0	935	48	70	0.998932	936	0	TRUE	NA	NA	NA	NA	NA
MN908947.3	12007	A	G	0	0	0	209	19	69	1	209	2.99024e-165	TRUE	NA	NA	NA	NA	NA
MN908947.3	14408	C	T	0	0	0	55	5	71	1	55	6.78428e-44	TRUE	NA	NA	NA	NA	NA
MN908947.3	21255	G	C	0	0	0	839	30	73	1	839	0	TRUE	NA	NA	NA	NA	NA
MN908947.3	21614	C	T	0	0	0	135	103	38	1	135	2.17308e-80	TRUE	NA	NA	NA	NA	NA
MN908947.3	22227	C	T	0	0	0	157	145	41	1	157	1.07342e-97	TRUE	NA	NA	NA	NA	NA
MN908947.3	23403	A	G	0	0	0	206	203	38	1	206	4.81331e-123	TRUE	NA	NA	NA	NA	NA
MN908947.3	24334	C	T	0	0	0	18	13	46	1	18	1.60361e-11	TRUE	NA	NA	NA	NA	NA
MN908947.3	26424	T	C	0	0	0	621	31	72	1	621	0	TRUE	NA	NA	NA	NA	NA
MN908947.3	26895	C	T	7	1	38	1730	33	38	0.995397	1738	0	TRUE	NA	NA	NA	NA	NA
MN908947.3	27944	C	T	0	0	0	92	3	72	1	92	9.53124e-74	TRUE	NA	NA	NA	NA	NA
MN908947.3	28932	C	T	0	0	0	316	312	38	1	316	2.23174e-190	TRUE	NA	NA	NA	NA	NA
MN908947.3	29274	C	T	0	0	0	399	390	38	1	399	1.06359e-239	TRUE	NA	NA	NA	NA	NA
MN908947.3	29645	G	T	0	0	0	212	123	51	1	212	1.46754e-146	TRUE	NA	NA	NA	NA	NA
