REGION	POS	REF	ALT	REF_DP	REF_RV	REF_QUAL	ALT_DP	ALT_RV	ALT_QUAL	ALT_FREQ	TOTAL_DP	PVAL	PASS	GFF_FEATURE	REF_CODON	REF_AA	ALT_CODON	ALT_AA
MN908947.3	241	C	T	2	1	52	3589	131	72	0.998887	3593	0	TRUE	NA	NA	NA	NA	NA
MN908947.3	3037	C	T	0	0	0	288	55	68	1	288	5.07124e-226	TRUE	NA	NA	NA	NA	NA
MN908947.3	3177	C	T	0	0	0	341	276	40	1	341	4.08063e-210	TRUE	NA	NA	NA	NA	NA
MN908947.3	3311	C	T	0	0	0	46	4	67	1	46	1.66016e-35	TRUE	NA	NA	NA	NA	NA
MN908947.3	4009	C	T	0	0	0	20	3	68	1	20	1.98005e-15	TRUE	NA	NA	NA	NA	NA
MN908947.3	9344	C	T	0	0	0	206	16	71	1	206	2.80923e-164	TRUE	NA	NA	NA	NA	NA
MN908947.3	14408	C	T	0	0	0	499	30	72	1	499	0	TRUE	NA	NA	NA	NA	NA
MN908947.3	15240	C	T	0	0	0	595	5	38	1	595	0	TRUE	NA	NA	NA	NA	NA
MN908947.3	17125	C	T	0	0	0	12385	420	39	0.999919	12386	0	TRUE	NA	NA	NA	NA	NA
MN908947.3	17485	C	T	0	0	0	2743	12	38	1	2743	0	TRUE	NA	NA	NA	NA	NA
MN908947.3	17808	G	T	0	0	0	175	2	40	1	175	4.41856e-107	TRUE	NA	NA	NA	NA	NA
MN908947.3	21622	C	T	173	12	71	91	5	71	0.344697	264	1.39194e-47	TRUE	NA	NA	NA	NA	NA
MN908947.3	23403	A	G	0	0	0	354	330	41	1	354	1.15003e-219	TRUE	NA	NA	NA	NA	NA
MN908947.3	25782	C	T	0	0	0	188	5	75	1	188	4.76634e-153	TRUE	NA	NA	NA	NA	NA
MN908947.3	25912	G	T	1	1	39	190	184	39	0.994764	191	8.12604e-114	TRUE	NA	NA	NA	NA	NA
MN908947.3	28579	A	G	1	0	38	870	52	67	0.998852	871	0	TRUE	NA	NA	NA	NA	NA
MN908947.3	28907	G	T	2	1	33	492	100	66	0.995951	494	0	TRUE	NA	NA	NA	NA	NA
