REGION	POS	REF	ALT	REF_DP	REF_RV	REF_QUAL	ALT_DP	ALT_RV	ALT_QUAL	ALT_FREQ	TOTAL_DP	PVAL	PASS	GFF_FEATURE	REF_CODON	REF_AA	ALT_CODON	ALT_AA
MN908947.3	100	C	T	13	0	52	10442	1238	59	0.998757	10455	0	TRUE	NA	NA	NA	NA	NA
MN908947.3	241	C	T	13	1	56	11558	1232	60	0.998877	11571	0	TRUE	NA	NA	NA	NA	NA
MN908947.3	3037	C	T	5	0	55	7176	611	63	0.998886	7184	0	TRUE	NA	NA	NA	NA	NA
MN908947.3	3340	G	T	3	1	61	10937	1689	63	0.998995	10948	0	TRUE	NA	NA	NA	NA	NA
MN908947.3	10667	T	G	0	0	0	3195	318	63	0.999062	3198	0	TRUE	NA	NA	NA	NA	NA
MN908947.3	11335	G	T	4	1	54	7108	1626	56	0.999016	7115	0	TRUE	NA	NA	NA	NA	NA
MN908947.3	11824	C	T	5	0	71	11970	1572	63	0.999165	11980	0	TRUE	NA	NA	NA	NA	NA
MN908947.3	12053	C	T	22	3	57	13269	2309	60	0.997744	13299	0	TRUE	NA	NA	NA	NA	NA
MN908947.3	12076	C	T	15	3	59	13994	2683	60	0.998858	14010	0	TRUE	NA	NA	NA	NA	NA
MN908947.3	12964	A	G	15	1	72	39316	6615	64	0.999466	39337	0	TRUE	NA	NA	NA	NA	NA
MN908947.3	14408	C	T	2	0	76	2180	313	61	0.999083	2182	0	TRUE	NA	NA	NA	NA	NA
MN908947.3	23012	G	A	0	0	0	4218	585	62	0.999526	4220	0	TRUE	NA	NA	NA	NA	NA
MN908947.3	23403	A	G	15	0	57	5675	1160	61	0.996663	5694	0	TRUE	NA	NA	NA	NA	NA
MN908947.3	25088	G	T	1	0	76	1431	305	57	0.999302	1432	0	TRUE	NA	NA	NA	NA	NA
MN908947.3	28253	C	T	4	1	62	5555	765	60	0.99928	5559	0	TRUE	NA	NA	NA	NA	NA
MN908947.3	28628	G	T	2	0	74	9270	1790	59	0.999245	9277	0	TRUE	NA	NA	NA	NA	NA
MN908947.3	28881	G	A	19	3	58	11526	1775	59	0.998008	11549	0	TRUE	NA	NA	NA	NA	NA
MN908947.3	28882	G	A	28	2	61	11505	1770	59	0.996794	11542	0	TRUE	NA	NA	NA	NA	NA
MN908947.3	28883	G	C	6	0	56	11579	1803	60	0.999137	11589	0	TRUE	NA	NA	NA	NA	NA
MN908947.3	28975	G	T	6	3	38	12808	2152	61	0.998597	12826	0	TRUE	NA	NA	NA	NA	NA
MN908947.3	29754	C	T	38	12	56	2723	606	64	0.984454	2766	0	TRUE	NA	NA	NA	NA	NA
MN908947.3	29870	C	A	23	10	53	9	9	29	0.28125	32	0.000223326	TRUE	NA	NA	NA	NA	NA
