REGION	POS	REF	ALT	REF_DP	REF_RV	REF_QUAL	ALT_DP	ALT_RV	ALT_QUAL	ALT_FREQ	TOTAL_DP	PVAL	PASS	GFF_FEATURE	REF_CODON	REF_AA	ALT_CODON	ALT_AA
MN908947.3	241	C	T	0	0	0	8924	726	67	1	8924	0	TRUE	NA	NA	NA	NA	NA
MN908947.3	772	T	C	2	0	32	8602	147	39	0.999768	8604	0	TRUE	NA	NA	NA	NA	NA
MN908947.3	1439	G	T	0	0	0	2435	137	70	0.999589	2436	0	TRUE	NA	NA	NA	NA	NA
MN908947.3	2869	A	G	0	0	0	5537	1117	38	1	5537	0	TRUE	NA	NA	NA	NA	NA
MN908947.3	3037	C	T	1	1	34	4631	864	67	0.999784	4632	0	TRUE	NA	NA	NA	NA	NA
MN908947.3	4456	C	T	0	0	0	2027	111	72	1	2027	0	TRUE	NA	NA	NA	NA	NA
MN908947.3	4794	C	T	1	0	38	2763	94	73	0.999638	2764	0	TRUE	NA	NA	NA	NA	NA
MN908947.3	6352	G	T	0	0	0	2224	224	68	1	2224	0	TRUE	NA	NA	NA	NA	NA
MN908947.3	6445	C	T	0	0	0	2108	1991	39	0.999526	2109	0	TRUE	NA	NA	NA	NA	NA
MN908947.3	10722	T	C	1	1	39	2738	1237	38	0.999635	2739	0	TRUE	NA	NA	NA	NA	NA
MN908947.3	10868	C	T	0	0	0	2048	344	64	0.999512	2049	0	TRUE	NA	NA	NA	NA	NA
MN908947.3	14408	C	T	5	0	67	9365	583	71	0.999466	9370	0	TRUE	NA	NA	NA	NA	NA
MN908947.3	15652	G	T	1	1	39	6596	275	71	0.999848	6597	0	TRUE	NA	NA	NA	NA	NA
MN908947.3	15882	T	G	6	1	31	13314	6	37	0.999249	13324	0	TRUE	NA	NA	NA	NA	NA
MN908947.3	23403	A	G	0	0	0	2935	2875	38	1	2935	0	TRUE	NA	NA	NA	NA	NA
MN908947.3	23438	G	T	0	0	0	2925	2915	38	0.999658	2926	0	TRUE	NA	NA	NA	NA	NA
MN908947.3	28881	G	A	0	0	0	3965	541	67	1	3965	0	TRUE	NA	NA	NA	NA	NA
MN908947.3	28882	G	A	0	0	0	3958	534	65	0.999747	3959	0	TRUE	NA	NA	NA	NA	NA
MN908947.3	28883	G	C	0	0	0	3978	560	66	1	3978	0	TRUE	NA	NA	NA	NA	NA
MN908947.3	29095	C	T	0	0	0	3010	2	38	0.999668	3011	0	TRUE	NA	NA	NA	NA	NA
