REGION	POS	REF	ALT	REF_DP	REF_RV	REF_QUAL	ALT_DP	ALT_RV	ALT_QUAL	ALT_FREQ	TOTAL_DP	PVAL	PASS	GFF_FEATURE	REF_CODON	REF_AA	ALT_CODON	ALT_AA
MN908947.3	241	C	T	0	0	0	294	47	64	0.99661	295	1.16476e-228	TRUE	NA	NA	NA	NA	NA
MN908947.3	1363	T	A	3	0	38	976	3	38	0.996936	979	0	TRUE	NA	NA	NA	NA	NA
MN908947.3	3037	C	T	0	0	0	41	11	56	1	41	4.97106e-29	TRUE	NA	NA	NA	NA	NA
MN908947.3	8047	C	T	0	0	0	3617	10	38	1	3617	0	TRUE	NA	NA	NA	NA	NA
MN908947.3	10645	C	T	0	0	0	119	104	38	1	119	4.38193e-71	TRUE	NA	NA	NA	NA	NA
MN908947.3	11557	G	T	3	3	39	918	65	68	0.995662	922	0	TRUE	NA	NA	NA	NA	NA
MN908947.3	12988	G	T	0	0	0	289	272	38	1	289	1.93736e-174	TRUE	NA	NA	NA	NA	NA
MN908947.3	14408	C	T	0	0	0	25	11	47	1	25	3.2406e-16	TRUE	NA	NA	NA	NA	NA
MN908947.3	15598	G	A	1	0	36	760	9	38	0.998686	761	0	TRUE	NA	NA	NA	NA	NA
MN908947.3	17104	C	T	4	0	38	9294	418	38	0.99957	9298	0	TRUE	NA	NA	NA	NA	NA
MN908947.3	17740	C	T	0	0	0	58	2	38	1	58	3.25668e-34	TRUE	NA	NA	NA	NA	NA
MN908947.3	18028	G	T	0	0	0	777	81	38	1	777	0	TRUE	NA	NA	NA	NA	NA
MN908947.3	20268	A	G	2	1	39	266	15	38	0.992537	268	4.68655e-156	TRUE	NA	NA	NA	NA	NA
MN908947.3	20451	C	T	0	0	0	177	176	38	1	177	6.43058e-106	TRUE	NA	NA	NA	NA	NA
MN908947.3	21764	A	-TACATG	102	1	38	101	0	20	0.961905	105	2.68077e-22	TRUE	NA	NA	NA	NA	NA
MN908947.3	22879	C	A	0	0	0	1111	3	38	0.993739	1118	0	TRUE	NA	NA	NA	NA	NA
MN908947.3	23403	A	G	0	0	0	88	86	38	1	88	8.74119e-53	TRUE	NA	NA	NA	NA	NA
MN908947.3	24910	T	C	0	0	0	193	7	58	1	193	4.28319e-141	TRUE	NA	NA	NA	NA	NA
MN908947.3	25606	G	T	8	7	37	287	269	38	0.972881	295	4.41409e-163	TRUE	NA	NA	NA	NA	NA
MN908947.3	26313	C	T	1	0	39	458	0	38	0.997821	459	3.95555e-273	TRUE	NA	NA	NA	NA	NA
MN908947.3	26972	T	C	1	0	39	2221	21	39	0.9991	2223	0	TRUE	NA	NA	NA	NA	NA
MN908947.3	27800	C	A	1	1	39	25	17	38	0.961538	26	1.04856e-13	TRUE	NA	NA	NA	NA	NA
MN908947.3	29734	G	C	0	0	0	41	5	61	1	41	1.48466e-30	TRUE	NA	NA	NA	NA	NA
