REGION	POS	REF	ALT	REF_DP	REF_RV	REF_QUAL	ALT_DP	ALT_RV	ALT_QUAL	ALT_FREQ	TOTAL_DP	PVAL	PASS	GFF_FEATURE	REF_CODON	REF_AA	ALT_CODON	ALT_AA
MN908947.3	100	C	T	4	0	66	8711	1185	58	0.999426	8716	0	TRUE	NA	NA	NA	NA	NA
MN908947.3	241	C	T	6	0	61	9255	1264	59	0.999136	9263	0	TRUE	NA	NA	NA	NA	NA
MN908947.3	3037	C	T	7	0	56	5770	569	62	0.998615	5778	0	TRUE	NA	NA	NA	NA	NA
MN908947.3	3340	G	T	4	1	39	9003	1524	62	0.999223	9010	0	TRUE	NA	NA	NA	NA	NA
MN908947.3	10667	T	G	1	0	38	2437	283	62	0.99877	2440	0	TRUE	NA	NA	NA	NA	NA
MN908947.3	11335	G	T	2	0	76	5701	1376	55	0.998599	5709	0	TRUE	NA	NA	NA	NA	NA
MN908947.3	11824	C	T	7	1	58	9537	1313	63	0.998743	9549	0	TRUE	NA	NA	NA	NA	NA
MN908947.3	12053	C	T	14	2	63	10508	2042	59	0.99848	10524	0	TRUE	NA	NA	NA	NA	NA
MN908947.3	12076	C	T	11	4	53	11087	2338	59	0.998469	11104	0	TRUE	NA	NA	NA	NA	NA
MN908947.3	12964	A	G	11	4	52	30834	5311	63	0.999417	30852	0	TRUE	NA	NA	NA	NA	NA
MN908947.3	14408	C	T	6	0	61	1751	278	60	0.996585	1757	0	TRUE	NA	NA	NA	NA	NA
MN908947.3	23012	G	A	4	1	56	3396	471	62	0.99853	3401	0	TRUE	NA	NA	NA	NA	NA
MN908947.3	23403	A	G	12	0	57	4463	954	60	0.996428	4479	0	TRUE	NA	NA	NA	NA	NA
MN908947.3	25088	G	T	1	0	65	1128	245	57	0.99823	1130	0	TRUE	NA	NA	NA	NA	NA
MN908947.3	28253	C	T	4	2	43	4383	699	59	0.999088	4387	0	TRUE	NA	NA	NA	NA	NA
MN908947.3	28628	G	T	1	1	21	7058	1428	58	0.998585	7068	0	TRUE	NA	NA	NA	NA	NA
MN908947.3	28881	G	A	15	1	58	8938	1492	58	0.99799	8956	0	TRUE	NA	NA	NA	NA	NA
MN908947.3	28882	G	A	19	4	54	8947	1493	58	0.997436	8970	0	TRUE	NA	NA	NA	NA	NA
MN908947.3	28883	G	C	6	0	56	8988	1527	59	0.998445	9002	0	TRUE	NA	NA	NA	NA	NA
MN908947.3	28975	G	T	2	2	28	10023	1772	60	0.999402	10029	0	TRUE	NA	NA	NA	NA	NA
MN908947.3	29754	C	T	22	6	61	2268	520	63	0.989097	2293	0	TRUE	NA	NA	NA	NA	NA
