REGION	POS	REF	ALT	REF_DP	REF_RV	REF_QUAL	ALT_DP	ALT_RV	ALT_QUAL	ALT_FREQ	TOTAL_DP	PVAL	PASS	GFF_FEATURE	REF_CODON	REF_AA	ALT_CODON	ALT_AA
MN908947.3	204	G	T	0	0	0	16	1	60	1	16	9.70144e-12	TRUE	NA	NA	NA	NA	NA
MN908947.3	241	C	T	0	0	0	16	1	63	1	16	3.77099e-12	TRUE	NA	NA	NA	NA	NA
MN908947.3	445	T	C	0	0	0	35	7	57	1	35	5.43406e-26	TRUE	NA	NA	NA	NA	NA
MN908947.3	1758	C	T	0	0	0	80	11	64	1	80	1.04446e-61	TRUE	NA	NA	NA	NA	NA
MN908947.3	3037	C	T	0	0	0	60	6	64	1	60	2.60701e-46	TRUE	NA	NA	NA	NA	NA
MN908947.3	5575	C	T	0	0	0	60	13	61	1	60	1.64711e-45	TRUE	NA	NA	NA	NA	NA
MN908947.3	6286	C	T	0	0	0	19	5	56	1	19	1.43406e-13	TRUE	NA	NA	NA	NA	NA
MN908947.3	6363	C	T	12	1	58	6	0	68	0.333333	18	0.00172888	TRUE	NA	NA	NA	NA	NA
MN908947.3	7042	G	T	0	0	0	50	10	61	1	50	5.05783e-38	TRUE	NA	NA	NA	NA	NA
MN908947.3	11518	C	T	0	0	0	130	24	59	1	130	5.146e-98	TRUE	NA	NA	NA	NA	NA
MN908947.3	11962	C	T	0	0	0	175	30	58	1	175	9.2686e-131	TRUE	NA	NA	NA	NA	NA
MN908947.3	14408	C	T	0	0	0	25	4	58	1	25	2.49353e-18	TRUE	NA	NA	NA	NA	NA
MN908947.3	15753	A	G	0	0	0	107	21	61	1	107	2.51202e-81	TRUE	NA	NA	NA	NA	NA
MN908947.3	19655	A	G	0	0	0	49	7	63	1	49	8.59831e-38	TRUE	NA	NA	NA	NA	NA
MN908947.3	21255	G	C	0	0	0	76	13	59	1	76	3.60083e-57	TRUE	NA	NA	NA	NA	NA
MN908947.3	21614	C	T	0	0	0	62	14	63	1	62	3.59974e-47	TRUE	NA	NA	NA	NA	NA
MN908947.3	22227	C	T	0	0	0	36	5	62	1	36	3.12133e-27	TRUE	NA	NA	NA	NA	NA
MN908947.3	23403	A	G	0	0	0	47	11	62	1	47	1.55562e-35	TRUE	NA	NA	NA	NA	NA
MN908947.3	23611	G	A	0	0	0	78	8	64	1	78	7.81792e-61	TRUE	NA	NA	NA	NA	NA
MN908947.3	24767	C	T	0	0	0	71	12	58	1	71	1.38659e-52	TRUE	NA	NA	NA	NA	NA
MN908947.3	26801	C	G	0	0	0	70	6	62	1	70	1.31063e-53	TRUE	NA	NA	NA	NA	NA
MN908947.3	27182	T	C	1	0	24	129	34	57	0.992308	130	8.29788e-94	TRUE	NA	NA	NA	NA	NA
MN908947.3	27944	C	T	0	0	0	143	47	58	1	143	1.46984e-106	TRUE	NA	NA	NA	NA	NA
MN908947.3	28932	C	T	0	0	0	170	31	60	1	170	2.72975e-129	TRUE	NA	NA	NA	NA	NA
MN908947.3	29645	G	T	0	0	0	177	23	65	1	177	2.83746e-139	TRUE	NA	NA	NA	NA	NA
