REGION	POS	REF	ALT	REF_DP	REF_RV	REF_QUAL	ALT_DP	ALT_RV	ALT_QUAL	ALT_FREQ	TOTAL_DP	PVAL	PASS	GFF_FEATURE	REF_CODON	REF_AA	ALT_CODON	ALT_AA
MN908947.3	174	G	T	0	0	0	114	3	71	1	114	9.02507e-92	TRUE	NA	NA	NA	NA	NA
MN908947.3	210	G	T	0	0	0	111	4	73	1	111	7.76561e-90	TRUE	NA	NA	NA	NA	NA
MN908947.3	241	C	T	0	0	0	111	7	72	1	111	7.76561e-90	TRUE	NA	NA	NA	NA	NA
MN908947.3	913	C	T	1	1	38	216	187	43	0.995392	217	1.29901e-135	TRUE	NA	NA	NA	NA	NA
MN908947.3	3037	C	T	0	0	0	556	57	72	1	556	0	TRUE	NA	NA	NA	NA	NA
MN908947.3	5388	C	A	1	0	37	6351	9	38	0.999528	6354	0	TRUE	NA	NA	NA	NA	NA
MN908947.3	11522	T	G	125	1	76	200	8	73	0.615385	325	8.797e-120	TRUE	NA	NA	NA	NA	NA
MN908947.3	13643	C	T	1	1	37	4226	367	38	0.999527	4228	0	TRUE	NA	NA	NA	NA	NA
MN908947.3	14408	C	T	0	0	0	673	17	75	1	673	0	TRUE	NA	NA	NA	NA	NA
MN908947.3	15279	C	T	0	0	0	130	1	38	1	130	5.4802e-78	TRUE	NA	NA	NA	NA	NA
MN908947.3	15810	C	T	76	76	38	75	75	38	0.496689	151	1.41362e-28	TRUE	NA	NA	NA	NA	NA
MN908947.3	16176	T	C	0	0	0	864	297	38	1	864	0	TRUE	NA	NA	NA	NA	NA
MN908947.3	16915	C	T	3	0	76	9	1	68	0.75	12	5.70434e-06	TRUE	NA	NA	NA	NA	NA
MN908947.3	17550	C	T	2	0	77	5358	110	75	0.999627	5360	0	TRUE	NA	NA	NA	NA	NA
MN908947.3	23604	C	A	0	0	0	46	1	71	1	46	1.19215e-36	TRUE	NA	NA	NA	NA	NA
MN908947.3	23709	C	T	0	0	0	43	43	38	1	43	3.01316e-25	TRUE	NA	NA	NA	NA	NA
MN908947.3	24914	G	C	0	0	0	17046	318	74	0.999707	17051	0	TRUE	NA	NA	NA	NA	NA
MN908947.3	26937	G	A	1	0	36	993	8	38	0.998994	994	0	TRUE	NA	NA	NA	NA	NA
MN908947.3	27074	G	A	1009	47	72	577	16	73	0.363808	1586	7.20893e-308	TRUE	NA	NA	NA	NA	NA
MN908947.3	27972	C	T	0	0	0	11	0	78	1	11	7.75047e-09	TRUE	NA	NA	NA	NA	NA
MN908947.3	28048	G	T	0	0	0	12	11	41	1	12	3.69801e-07	TRUE	NA	NA	NA	NA	NA
MN908947.3	28111	A	G	0	0	0	1942	328	38	1	1942	0	TRUE	NA	NA	NA	NA	NA
MN908947.3	28270	T	-A	6729	69	74	12994	0	20	0.993045	13085	0	TRUE	NA	NA	NA	NA	NA
MN908947.3	28280	G	C	0	0	0	6721	74	74	0.999851	6722	0	TRUE	NA	NA	NA	NA	NA
MN908947.3	28281	A	T	0	0	0	6720	74	74	0.999851	6721	0	TRUE	NA	NA	NA	NA	NA
MN908947.3	28282	T	A	2	0	48	6721	77	74	0.999554	6724	0	TRUE	NA	NA	NA	NA	NA
MN908947.3	28881	G	A	0	0	0	11	0	73	1	11	1.18102e-08	TRUE	NA	NA	NA	NA	NA
MN908947.3	28882	G	A	0	0	0	11	0	71	1	11	1.18102e-08	TRUE	NA	NA	NA	NA	NA
MN908947.3	28883	G	C	0	0	0	11	0	72	1	11	1.18102e-08	TRUE	NA	NA	NA	NA	NA
MN908947.3	28977	C	T	0	0	0	10	10	39	1	10	1.08251e-05	TRUE	NA	NA	NA	NA	NA
MN908947.3	29378	A	C	15	14	38	9	8	33	0.375	24	0.000959531	TRUE	NA	NA	NA	NA	NA
