REGION	POS	REF	ALT	REF_DP	REF_RV	REF_QUAL	ALT_DP	ALT_RV	ALT_QUAL	ALT_FREQ	TOTAL_DP	PVAL	PASS	GFF_FEATURE	REF_CODON	REF_AA	ALT_CODON	ALT_AA
MN908947.3	241	C	T	2	1	37	338	37	61	0.994118	340	2.50523e-255	TRUE	NA	NA	NA	NA	NA
MN908947.3	1363	T	A	0	0	0	609	131	61	1	609	0	TRUE	NA	NA	NA	NA	NA
MN908947.3	3037	C	T	0	0	0	775	83	62	1	775	0	TRUE	NA	NA	NA	NA	NA
MN908947.3	7767	T	C	1	0	76	849	141	59	0.998824	850	0	TRUE	NA	NA	NA	NA	NA
MN908947.3	8047	C	T	2	0	72	1022	251	57	0.998047	1024	0	TRUE	NA	NA	NA	NA	NA
MN908947.3	10645	C	T	0	0	0	1038	83	65	0.999038	1039	0	TRUE	NA	NA	NA	NA	NA
MN908947.3	11557	G	T	0	0	0	1855	245	63	1	1855	0	TRUE	NA	NA	NA	NA	NA
MN908947.3	12988	G	T	0	0	0	3538	503	66	0.999717	3539	0	TRUE	NA	NA	NA	NA	NA
MN908947.3	14408	C	T	0	0	0	254	44	62	1	254	2.24039e-194	TRUE	NA	NA	NA	NA	NA
MN908947.3	15598	G	A	0	0	0	1732	396	57	1	1732	0	TRUE	NA	NA	NA	NA	NA
MN908947.3	17104	C	T	1	0	66	1794	453	55	0.999443	1795	0	TRUE	NA	NA	NA	NA	NA
MN908947.3	17740	C	T	1	0	34	841	136	60	0.997628	843	0	TRUE	NA	NA	NA	NA	NA
MN908947.3	18028	G	T	1	0	34	813	173	61	0.992674	819	0	TRUE	NA	NA	NA	NA	NA
MN908947.3	20268	A	G	0	0	0	474	110	57	1	474	0	TRUE	NA	NA	NA	NA	NA
MN908947.3	20451	C	T	0	0	0	482	70	64	1	482	0	TRUE	NA	NA	NA	NA	NA
MN908947.3	21764	A	-TACATG	253	50	57	373	0	20	0.939547	397	3.57549e-102	TRUE	NA	NA	NA	NA	NA
MN908947.3	22879	C	A	0	0	0	396	82	58	0.997481	397	5.51887e-298	TRUE	NA	NA	NA	NA	NA
MN908947.3	23403	A	G	0	0	0	838	172	62	0.998808	839	0	TRUE	NA	NA	NA	NA	NA
MN908947.3	24910	T	C	0	0	0	446	85	62	0.997763	447	0	TRUE	NA	NA	NA	NA	NA
MN908947.3	25606	G	T	0	0	0	333	56	63	1	333	2.52479e-258	TRUE	NA	NA	NA	NA	NA
MN908947.3	26313	C	T	0	0	0	393	91	60	1	393	2.34747e-297	TRUE	NA	NA	NA	NA	NA
MN908947.3	26972	T	C	0	0	0	696	125	60	1	696	0	TRUE	NA	NA	NA	NA	NA
MN908947.3	27800	C	A	0	0	0	1365	225	64	0.998537	1367	0	TRUE	NA	NA	NA	NA	NA
MN908947.3	29734	G	C	4	0	64	483	114	62	0.981707	492	0	TRUE	NA	NA	NA	NA	NA
