REGION	POS	REF	ALT	REF_DP	REF_RV	REF_QUAL	ALT_DP	ALT_RV	ALT_QUAL	ALT_FREQ	TOTAL_DP	PVAL	PASS	GFF_FEATURE	REF_CODON	REF_AA	ALT_CODON	ALT_AA
MN908947.3	241	C	T	0	0	0	2049	107	71	1	2049	0	TRUE	NA	NA	NA	NA	NA
MN908947.3	841	C	T	1	1	37	3143	195	70	0.998729	3147	0	TRUE	NA	NA	NA	NA	NA
MN908947.3	1714	C	T	0	0	0	614	6	41	1	614	0	TRUE	NA	NA	NA	NA	NA
MN908947.3	2048	C	T	1	0	37	3927	160	73	0.999745	3928	0	TRUE	NA	NA	NA	NA	NA
MN908947.3	3037	C	T	0	0	0	437	71	68	1	437	0	TRUE	NA	NA	NA	NA	NA
MN908947.3	5092	T	C	0	0	0	868	79	62	1	868	0	TRUE	NA	NA	NA	NA	NA
MN908947.3	8092	C	T	1	0	55	6172	59	69	0.999676	6174	0	TRUE	NA	NA	NA	NA	NA
MN908947.3	14408	C	T	1	0	77	187	14	70	0.994681	188	3.44723e-147	TRUE	NA	NA	NA	NA	NA
MN908947.3	18816	G	T	2	0	56	2171	78	74	0.99862	2174	0	TRUE	NA	NA	NA	NA	NA
MN908947.3	20268	A	G	0	0	0	1084	4	38	1	1084	0	TRUE	NA	NA	NA	NA	NA
MN908947.3	20451	C	T	0	0	0	1064	1041	39	1	1064	0	TRUE	NA	NA	NA	NA	NA
MN908947.3	23403	A	G	0	0	0	552	549	38	1	552	0	TRUE	NA	NA	NA	NA	NA
MN908947.3	28854	C	T	0	0	0	1069	134	70	1	1069	0	TRUE	NA	NA	NA	NA	NA
MN908947.3	28882	G	A	2	1	57	1081	167	67	0.998153	1083	0	TRUE	NA	NA	NA	NA	NA
