REGION	POS	REF	ALT	REF_DP	REF_RV	REF_QUAL	ALT_DP	ALT_RV	ALT_QUAL	ALT_FREQ	TOTAL_DP	PVAL	PASS	GFF_FEATURE	REF_CODON	REF_AA	ALT_CODON	ALT_AA
MN908947.3	241	C	T	1	0	77	1903	78	72	0.99895	1905	0	TRUE	NA	NA	NA	NA	NA
MN908947.3	3037	C	T	0	0	0	187	30	69	1	187	3.46193e-147	TRUE	NA	NA	NA	NA	NA
MN908947.3	14408	C	T	0	0	0	134	7	72	1	134	8.87275e-108	TRUE	NA	NA	NA	NA	NA
MN908947.3	18831	T	C	0	0	0	685	35	72	1	685	0	TRUE	NA	NA	NA	NA	NA
MN908947.3	23403	A	G	0	0	0	528	521	38	1	528	0	TRUE	NA	NA	NA	NA	NA
MN908947.3	28881	G	A	0	0	0	532	51	71	1	532	0	TRUE	NA	NA	NA	NA	NA
MN908947.3	28882	G	A	0	0	0	532	50	69	1	532	0	TRUE	NA	NA	NA	NA	NA
MN908947.3	28883	G	C	0	0	0	530	51	70	1	530	0	TRUE	NA	NA	NA	NA	NA
