REGION	POS	REF	ALT	REF_DP	REF_RV	REF_QUAL	ALT_DP	ALT_RV	ALT_QUAL	ALT_FREQ	TOTAL_DP	PVAL	PASS	GFF_FEATURE	REF_CODON	REF_AA	ALT_CODON	ALT_AA
MN908947.3	100	C	T	1	0	37	2443	3	38	0.999591	2444	0	TRUE	NA	NA	NA	NA	NA
MN908947.3	241	C	T	1	0	75	2448	94	71	0.999592	2449	0	TRUE	NA	NA	NA	NA	NA
MN908947.3	3037	C	T	0	0	0	2131	174	72	1	2131	0	TRUE	NA	NA	NA	NA	NA
MN908947.3	3340	G	T	0	0	0	1705	63	73	0.999414	1706	0	TRUE	NA	NA	NA	NA	NA
MN908947.3	10667	T	G	1	0	39	987	969	38	0.998988	988	0	TRUE	NA	NA	NA	NA	NA
MN908947.3	11335	G	T	0	0	0	6051	1947	38	0.999504	6054	0	TRUE	NA	NA	NA	NA	NA
MN908947.3	11824	C	T	0	0	0	1722	1656	38	1	1722	0	TRUE	NA	NA	NA	NA	NA
MN908947.3	12053	C	T	0	0	0	2800	206	72	1	2800	0	TRUE	NA	NA	NA	NA	NA
MN908947.3	12076	C	T	1	0	74	2795	215	72	0.999642	2796	0	TRUE	NA	NA	NA	NA	NA
MN908947.3	12964	A	G	0	0	0	1443	1361	40	1	1443	0	TRUE	NA	NA	NA	NA	NA
MN908947.3	14408	C	T	2	0	53	1459	97	72	0.998631	1461	0	TRUE	NA	NA	NA	NA	NA
MN908947.3	23012	G	A	1	0	78	1456	48	73	0.999314	1457	0	TRUE	NA	NA	NA	NA	NA
MN908947.3	23403	A	G	0	0	0	2147	2115	38	1	2147	0	TRUE	NA	NA	NA	NA	NA
MN908947.3	25088	G	T	0	0	0	1046	5	38	1	1046	0	TRUE	NA	NA	NA	NA	NA
MN908947.3	28253	C	T	5	0	68	2000	72	71	0.997506	2005	0	TRUE	NA	NA	NA	NA	NA
MN908947.3	28628	G	T	0	0	0	1101	68	67	1	1101	0	TRUE	NA	NA	NA	NA	NA
MN908947.3	28881	G	A	0	0	0	530	108	56	1	530	0	TRUE	NA	NA	NA	NA	NA
MN908947.3	28882	G	A	0	0	0	532	109	55	1	532	0	TRUE	NA	NA	NA	NA	NA
MN908947.3	28883	G	C	0	0	0	533	110	55	0.998127	534	0	TRUE	NA	NA	NA	NA	NA
MN908947.3	28975	G	T	0	0	0	391	373	38	1	391	8.72464e-236	TRUE	NA	NA	NA	NA	NA
MN908947.3	29754	C	T	0	0	0	661	656	38	1	661	0	TRUE	NA	NA	NA	NA	NA
