REGION	POS	REF	ALT	REF_DP	REF_RV	REF_QUAL	ALT_DP	ALT_RV	ALT_QUAL	ALT_FREQ	TOTAL_DP	PVAL	PASS	GFF_FEATURE	REF_CODON	REF_AA	ALT_CODON	ALT_AA
MN908947.3	241	C	T	1	0	77	2180	93	71	0.999083	2182	0	TRUE	NA	NA	NA	NA	NA
MN908947.3	3037	C	T	1	0	77	660	120	67	0.998487	661	0	TRUE	NA	NA	NA	NA	NA
MN908947.3	14408	C	T	0	0	0	240	13	72	1	240	3.95249e-194	TRUE	NA	NA	NA	NA	NA
MN908947.3	23403	A	G	0	0	0	690	688	38	1	690	0	TRUE	NA	NA	NA	NA	NA
MN908947.3	23909	G	A	0	0	0	6551	30	38	0.999847	6552	0	TRUE	NA	NA	NA	NA	NA
MN908947.3	25273	G	T	0	0	0	189	186	38	1	189	7.92109e-113	TRUE	NA	NA	NA	NA	NA
MN908947.3	28881	G	A	1	0	76	1235	80	71	0.998383	1237	0	TRUE	NA	NA	NA	NA	NA
MN908947.3	28882	G	A	0	0	0	1235	81	70	1	1235	0	TRUE	NA	NA	NA	NA	NA
MN908947.3	28883	G	C	0	0	0	1237	83	71	0.998386	1239	0	TRUE	NA	NA	NA	NA	NA
