REGION	POS	REF	ALT	REF_DP	REF_RV	REF_QUAL	ALT_DP	ALT_RV	ALT_QUAL	ALT_FREQ	TOTAL_DP	PVAL	PASS	GFF_FEATURE	REF_CODON	REF_AA	ALT_CODON	ALT_AA
MN908947.3	241	C	T	2	0	77	1541	68	71	0.997411	1545	0	TRUE	NA	NA	NA	NA	NA
MN908947.3	3037	C	T	0	0	0	119	22	66	1	119	6.62039e-92	TRUE	NA	NA	NA	NA	NA
MN908947.3	10097	G	A	0	0	0	559	542	39	1	559	0	TRUE	NA	NA	NA	NA	NA
MN908947.3	14408	C	T	0	0	0	106	9	69	1	106	2.87835e-83	TRUE	NA	NA	NA	NA	NA
MN908947.3	23403	A	G	0	0	0	262	256	39	1	262	8.49625e-159	TRUE	NA	NA	NA	NA	NA
MN908947.3	23731	C	T	1	1	37	58	58	38	0.983051	59	4.84466e-33	TRUE	NA	NA	NA	NA	NA
MN908947.3	28580	G	T	0	0	0	101	4	67	1	101	6.27237e-79	TRUE	NA	NA	NA	NA	NA
MN908947.3	28881	G	A	0	0	0	300	31	70	1	300	4.22504e-241	TRUE	NA	NA	NA	NA	NA
MN908947.3	28882	G	A	0	0	0	300	32	69	1	300	6.4804e-241	TRUE	NA	NA	NA	NA	NA
MN908947.3	28883	G	C	0	0	0	300	33	69	1	300	9.94585e-241	TRUE	NA	NA	NA	NA	NA
