REGION	POS	REF	ALT	REF_DP	REF_RV	REF_QUAL	ALT_DP	ALT_RV	ALT_QUAL	ALT_FREQ	TOTAL_DP	PVAL	PASS	GFF_FEATURE	REF_CODON	REF_AA	ALT_CODON	ALT_AA
MN908947.3	241	C	T	0	0	0	1844	69	72	1	1844	0	TRUE	NA	NA	NA	NA	NA
MN908947.3	3037	C	T	0	0	0	165	28	69	1	165	1.06016e-129	TRUE	NA	NA	NA	NA	NA
MN908947.3	14408	C	T	0	0	0	64	9	67	1	64	1.26597e-49	TRUE	NA	NA	NA	NA	NA
MN908947.3	18570	C	T	0	0	0	1536	1536	38	0.999349	1537	0	TRUE	NA	NA	NA	NA	NA
MN908947.3	23403	A	G	0	0	0	593	592	38	1	593	0	TRUE	NA	NA	NA	NA	NA
