REGION	POS	REF	ALT	REF_DP	REF_RV	REF_QUAL	ALT_DP	ALT_RV	ALT_QUAL	ALT_FREQ	TOTAL_DP	PVAL	PASS	GFF_FEATURE	REF_CODON	REF_AA	ALT_CODON	ALT_AA
MN908947.3	2	T	C	0	0	0	10	9	37	1	10	1.08251e-05	TRUE	NA	NA	NA	NA	NA
MN908947.3	44	C	T	0	0	0	141	43	50	1	141	1.96568e-97	TRUE	NA	NA	NA	NA	NA
MN908947.3	204	G	T	0	0	0	72	7	61	1	72	1.15389e-54	TRUE	NA	NA	NA	NA	NA
MN908947.3	241	C	T	0	0	0	65	7	62	1	65	1.85333e-49	TRUE	NA	NA	NA	NA	NA
MN908947.3	445	T	C	0	0	0	125	23	59	1	125	4.70479e-94	TRUE	NA	NA	NA	NA	NA
MN908947.3	1625	C	T	0	0	0	282	33	58	1	282	2.52096e-211	TRUE	NA	NA	NA	NA	NA
MN908947.3	3037	C	T	0	0	0	195	13	64	1	195	2.80773e-152	TRUE	NA	NA	NA	NA	NA
MN908947.3	4454	G	T	0	0	0	74	10	64	1	74	2.53144e-57	TRUE	NA	NA	NA	NA	NA
MN908947.3	6286	C	T	0	0	0	54	17	53	1	54	2.33771e-38	TRUE	NA	NA	NA	NA	NA
MN908947.3	14408	C	T	0	0	0	64	9	62	1	64	2.00413e-48	TRUE	NA	NA	NA	NA	NA
MN908947.3	15480	C	T	0	0	0	310	29	64	1	310	5.83104e-242	TRUE	NA	NA	NA	NA	NA
MN908947.3	21255	G	C	0	0	0	214	27	62	1	214	2.62668e-165	TRUE	NA	NA	NA	NA	NA
MN908947.3	21614	C	T	0	0	0	196	35	65	1	196	2.6478e-153	TRUE	NA	NA	NA	NA	NA
MN908947.3	22227	C	T	0	0	0	55	7	65	1	55	3.83494e-43	TRUE	NA	NA	NA	NA	NA
MN908947.3	23403	A	G	0	0	0	253	46	63	1	253	1.57464e-197	TRUE	NA	NA	NA	NA	NA
MN908947.3	24138	C	T	0	0	0	152	48	55	1	152	4.46664e-111	TRUE	NA	NA	NA	NA	NA
MN908947.3	26801	C	G	0	0	0	176	32	61	0.99435	177	2.69722e-136	TRUE	NA	NA	NA	NA	NA
MN908947.3	27944	C	T	0	0	0	362	100	59	0.997245	363	4.34171e-272	TRUE	NA	NA	NA	NA	NA
MN908947.3	28932	C	T	0	0	0	476	67	63	1	476	0	TRUE	NA	NA	NA	NA	NA
MN908947.3	29645	G	T	1	0	76	613	101	64	0.998371	614	0	TRUE	NA	NA	NA	NA	NA
