REGION	POS	REF	ALT	REF_DP	REF_RV	REF_QUAL	ALT_DP	ALT_RV	ALT_QUAL	ALT_FREQ	TOTAL_DP	PVAL	PASS	GFF_FEATURE	REF_CODON	REF_AA	ALT_CODON	ALT_AA
MN908947.3	241	C	T	0	0	0	2996	156	70	1	2996	0	TRUE	NA	NA	NA	NA	NA
MN908947.3	1363	T	A	3	0	37	2288	6	39	0.998691	2291	0	TRUE	NA	NA	NA	NA	NA
MN908947.3	3037	C	T	1	1	38	3220	491	69	0.99969	3221	0	TRUE	NA	NA	NA	NA	NA
MN908947.3	7767	T	C	0	0	0	845	13	43	0.998818	846	0	TRUE	NA	NA	NA	NA	NA
MN908947.3	8047	C	T	0	0	0	4029	8	38	1	4029	0	TRUE	NA	NA	NA	NA	NA
MN908947.3	10645	C	T	0	0	0	1744	1683	39	1	1744	0	TRUE	NA	NA	NA	NA	NA
MN908947.3	11557	G	T	3	2	36	5880	574	70	0.998641	5888	0	TRUE	NA	NA	NA	NA	NA
MN908947.3	12988	G	T	0	0	0	3418	3231	39	0.999123	3421	0	TRUE	NA	NA	NA	NA	NA
MN908947.3	14408	C	T	1	0	39	3634	173	72	0.999725	3635	0	TRUE	NA	NA	NA	NA	NA
MN908947.3	15598	G	A	0	0	0	3829	7	38	1	3829	0	TRUE	NA	NA	NA	NA	NA
MN908947.3	17104	C	T	2	2	37	9712	2916	38	0.999383	9718	0	TRUE	NA	NA	NA	NA	NA
MN908947.3	17740	C	T	0	0	0	3619	10	38	1	3619	0	TRUE	NA	NA	NA	NA	NA
MN908947.3	18028	G	T	0	0	0	6946	3540	38	0.999281	6951	0	TRUE	NA	NA	NA	NA	NA
MN908947.3	20268	A	G	1	0	20	1869	18	38	0.999465	1870	0	TRUE	NA	NA	NA	NA	NA
MN908947.3	20451	C	T	0	0	0	1906	1857	39	1	1906	0	TRUE	NA	NA	NA	NA	NA
MN908947.3	21764	A	-TACATG	1517	8	38	1553	0	20	0.998072	1556	0	TRUE	NA	NA	NA	NA	NA
MN908947.3	22879	C	A	0	0	0	2081	3	38	1	2081	0	TRUE	NA	NA	NA	NA	NA
MN908947.3	23403	A	G	0	0	0	3559	3516	38	1	3559	0	TRUE	NA	NA	NA	NA	NA
MN908947.3	24910	T	C	0	0	0	2356	188	71	1	2356	0	TRUE	NA	NA	NA	NA	NA
MN908947.3	25606	G	T	8	7	37	3261	3242	38	0.997248	3270	0	TRUE	NA	NA	NA	NA	NA
MN908947.3	26313	C	T	4	0	39	4429	16	39	0.999098	4433	0	TRUE	NA	NA	NA	NA	NA
MN908947.3	26972	T	C	2	0	39	4819	135	52	0.999585	4821	0	TRUE	NA	NA	NA	NA	NA
MN908947.3	27800	C	A	2	1	38	2217	2109	38	0.999099	2219	0	TRUE	NA	NA	NA	NA	NA
MN908947.3	29734	G	C	2	1	54	2937	188	69	0.999319	2939	0	TRUE	NA	NA	NA	NA	NA
