REGION	POS	REF	ALT	REF_DP	REF_RV	REF_QUAL	ALT_DP	ALT_RV	ALT_QUAL	ALT_FREQ	TOTAL_DP	PVAL	PASS	GFF_FEATURE	REF_CODON	REF_AA	ALT_CODON	ALT_AA
MN908947.3	204	G	T	0	0	0	5361	357	66	0.999441	5364	0	TRUE	NA	NA	NA	NA	NA
MN908947.3	241	C	T	7	0	58	5397	465	67	0.998705	5404	0	TRUE	NA	NA	NA	NA	NA
MN908947.3	445	T	C	2	0	35	6635	19	37	0.999699	6637	0	TRUE	NA	NA	NA	NA	NA
MN908947.3	3037	C	T	0	0	0	1146	201	67	1	1146	0	TRUE	NA	NA	NA	NA	NA
MN908947.3	6286	C	T	0	0	0	690	13	40	1	690	0	TRUE	NA	NA	NA	NA	NA
MN908947.3	11533	A	G	0	0	0	4915	441	69	1	4915	0	TRUE	NA	NA	NA	NA	NA
MN908947.3	12007	A	G	2	0	58	3554	325	66	0.999438	3556	0	TRUE	NA	NA	NA	NA	NA
MN908947.3	14408	C	T	0	0	0	2440	136	72	1	2440	0	TRUE	NA	NA	NA	NA	NA
MN908947.3	21255	G	C	0	0	0	1187	90	71	0.999158	1188	0	TRUE	NA	NA	NA	NA	NA
MN908947.3	21614	C	T	0	0	0	220	205	40	1	220	7.70548e-134	TRUE	NA	NA	NA	NA	NA
MN908947.3	22227	C	T	1	1	39	487	464	39	0.997951	488	5.41932e-295	TRUE	NA	NA	NA	NA	NA
MN908947.3	23403	A	G	1	1	39	2115	2061	39	0.998584	2118	0	TRUE	NA	NA	NA	NA	NA
MN908947.3	24130	C	T	0	0	0	870	515	38	1	870	0	TRUE	NA	NA	NA	NA	NA
MN908947.3	24334	C	T	0	0	0	368	330	40	1	368	3.36878e-225	TRUE	NA	NA	NA	NA	NA
MN908947.3	26424	T	C	0	0	0	2001	107	70	1	2001	0	TRUE	NA	NA	NA	NA	NA
MN908947.3	26801	C	G	0	0	0	519	515	38	1	519	0	TRUE	NA	NA	NA	NA	NA
MN908947.3	26895	C	T	1	0	36	4815	15	38	0.999585	4817	0	TRUE	NA	NA	NA	NA	NA
MN908947.3	27944	C	T	1	0	78	1919	91	71	0.999479	1920	0	TRUE	NA	NA	NA	NA	NA
MN908947.3	28932	C	T	0	0	0	687	682	38	1	687	0	TRUE	NA	NA	NA	NA	NA
MN908947.3	29274	C	T	0	0	0	423	420	38	1	423	3.16632e-256	TRUE	NA	NA	NA	NA	NA
MN908947.3	29645	G	T	0	0	0	3016	454	66	0.999669	3017	0	TRUE	NA	NA	NA	NA	NA
