REGION	POS	REF	ALT	REF_DP	REF_RV	REF_QUAL	ALT_DP	ALT_RV	ALT_QUAL	ALT_FREQ	TOTAL_DP	PVAL	PASS	GFF_FEATURE	REF_CODON	REF_AA	ALT_CODON	ALT_AA
MN908947.3	100	C	T	12	1	61	8069	1074	58	0.998391	8082	0	TRUE	NA	NA	NA	NA	NA
MN908947.3	241	C	T	5	1	57	8446	957	60	0.999054	8454	0	TRUE	NA	NA	NA	NA	NA
MN908947.3	3037	C	T	3	1	36	5687	444	63	0.999122	5692	0	TRUE	NA	NA	NA	NA	NA
MN908947.3	3340	G	T	3	2	36	9377	1407	63	0.998722	9389	0	TRUE	NA	NA	NA	NA	NA
MN908947.3	10667	T	G	2	1	31	2888	253	64	0.999308	2890	0	TRUE	NA	NA	NA	NA	NA
MN908947.3	11335	G	T	2	1	55	5391	1374	55	0.998703	5398	0	TRUE	NA	NA	NA	NA	NA
MN908947.3	11824	C	T	3	0	71	11213	1286	64	0.999554	11218	0	TRUE	NA	NA	NA	NA	NA
MN908947.3	12053	C	T	20	4	56	11907	1971	60	0.997905	11932	0	TRUE	NA	NA	NA	NA	NA
MN908947.3	12076	C	T	17	3	63	12725	2307	61	0.998509	12744	0	TRUE	NA	NA	NA	NA	NA
MN908947.3	12964	A	G	10	3	51	38388	6356	64	0.999583	38404	0	TRUE	NA	NA	NA	NA	NA
MN908947.3	14408	C	T	1	0	38	1609	228	61	0.998759	1611	0	TRUE	NA	NA	NA	NA	NA
MN908947.3	23012	G	A	2	0	73	3123	395	63	0.99904	3126	0	TRUE	NA	NA	NA	NA	NA
MN908947.3	23403	A	G	14	0	64	4143	789	62	0.995913	4160	0	TRUE	NA	NA	NA	NA	NA
MN908947.3	25088	G	T	0	0	0	1175	262	57	0.997453	1178	0	TRUE	NA	NA	NA	NA	NA
MN908947.3	28253	C	T	1	0	75	4897	645	61	0.999796	4898	0	TRUE	NA	NA	NA	NA	NA
MN908947.3	28628	G	T	2	1	56	8582	1603	60	0.999534	8586	0	TRUE	NA	NA	NA	NA	NA
MN908947.3	28881	G	A	17	2	63	9867	1594	59	0.998078	9886	0	TRUE	NA	NA	NA	NA	NA
MN908947.3	28882	G	A	31	13	47	9849	1575	59	0.99656	9883	0	TRUE	NA	NA	NA	NA	NA
MN908947.3	28883	G	C	12	2	55	9906	1615	60	0.998387	9922	0	TRUE	NA	NA	NA	NA	NA
MN908947.3	28975	G	T	4	2	42	11102	1798	61	0.99937	11109	0	TRUE	NA	NA	NA	NA	NA
MN908947.3	29754	C	T	32	11	57	1996	440	64	0.983251	2030	0	TRUE	NA	NA	NA	NA	NA
