REGION	POS	REF	ALT	REF_DP	REF_RV	REF_QUAL	ALT_DP	ALT_RV	ALT_QUAL	ALT_FREQ	TOTAL_DP	PVAL	PASS	GFF_FEATURE	REF_CODON	REF_AA	ALT_CODON	ALT_AA
MN908947.3	204	G	T	0	0	0	2415	104	68	1	2415	0	TRUE	NA	NA	NA	NA	NA
MN908947.3	241	C	T	0	0	0	2410	139	69	1	2410	0	TRUE	NA	NA	NA	NA	NA
MN908947.3	445	T	C	3	0	38	4450	13	37	0.999326	4453	0	TRUE	NA	NA	NA	NA	NA
MN908947.3	1625	C	T	0	0	0	2890	9	38	1	2890	0	TRUE	NA	NA	NA	NA	NA
MN908947.3	3037	C	T	1	0	38	3453	480	69	0.99971	3454	0	TRUE	NA	NA	NA	NA	NA
MN908947.3	4454	G	T	0	0	0	2765	152	71	0.999277	2767	0	TRUE	NA	NA	NA	NA	NA
MN908947.3	6286	C	T	0	0	0	3920	43	39	1	3920	0	TRUE	NA	NA	NA	NA	NA
MN908947.3	14408	C	T	3	0	70	4429	168	73	0.999323	4432	0	TRUE	NA	NA	NA	NA	NA
MN908947.3	15480	C	T	1	1	33	4158	4155	38	0.99976	4159	0	TRUE	NA	NA	NA	NA	NA
MN908947.3	21255	G	C	0	0	0	4053	311	71	0.99926	4056	0	TRUE	NA	NA	NA	NA	NA
MN908947.3	21614	C	T	0	0	0	1807	1549	40	1	1807	0	TRUE	NA	NA	NA	NA	NA
MN908947.3	22227	C	T	0	0	0	2740	2653	39	1	2740	0	TRUE	NA	NA	NA	NA	NA
MN908947.3	23403	A	G	0	0	0	2895	2849	39	1	2895	0	TRUE	NA	NA	NA	NA	NA
MN908947.3	24138	C	T	0	0	0	5448	3365	38	0.999633	5450	0	TRUE	NA	NA	NA	NA	NA
MN908947.3	26801	C	G	1	1	39	3769	3731	38	0.999735	3770	0	TRUE	NA	NA	NA	NA	NA
MN908947.3	27944	C	T	1	1	33	2633	110	72	0.99962	2634	0	TRUE	NA	NA	NA	NA	NA
MN908947.3	28932	C	T	2	2	39	2501	2495	38	0.999201	2503	0	TRUE	NA	NA	NA	NA	NA
MN908947.3	29645	G	T	1	0	76	5059	1973	58	0.999802	5060	0	TRUE	NA	NA	NA	NA	NA
