REGION	POS	REF	ALT	REF_DP	REF_RV	REF_QUAL	ALT_DP	ALT_RV	ALT_QUAL	ALT_FREQ	TOTAL_DP	PVAL	PASS	GFF_FEATURE	REF_CODON	REF_AA	ALT_CODON	ALT_AA
MN908947.3	204	G	T	0	0	0	164	6	61	1	164	1.62791e-125	TRUE	NA	NA	NA	NA	NA
MN908947.3	241	C	T	0	0	0	161	8	64	1	161	2.0752e-125	TRUE	NA	NA	NA	NA	NA
MN908947.3	445	T	C	1	1	38	207	35	60	0.995192	208	9.39122e-156	TRUE	NA	NA	NA	NA	NA
MN908947.3	1758	C	T	0	0	0	355	57	63	1	355	3.08389e-273	TRUE	NA	NA	NA	NA	NA
MN908947.3	3037	C	T	0	0	0	340	37	63	1	340	2.36252e-263	TRUE	NA	NA	NA	NA	NA
MN908947.3	5575	C	T	0	0	0	383	46	65	1	383	7.82414e-302	TRUE	NA	NA	NA	NA	NA
MN908947.3	6286	C	T	0	0	0	130	33	57	1	130	4.06759e-96	TRUE	NA	NA	NA	NA	NA
MN908947.3	6363	C	T	78	12	62	27	2	64	0.257143	105	9.89397e-14	TRUE	NA	NA	NA	NA	NA
MN908947.3	7042	G	T	0	0	0	249	43	65	0.996	250	3.51028e-195	TRUE	NA	NA	NA	NA	NA
MN908947.3	11518	C	T	0	0	0	568	66	63	1	568	0	TRUE	NA	NA	NA	NA	NA
MN908947.3	11962	C	T	1	0	38	894	180	58	0.998883	895	0	TRUE	NA	NA	NA	NA	NA
MN908947.3	14408	C	T	0	0	0	136	20	62	1	136	7.83672e-104	TRUE	NA	NA	NA	NA	NA
MN908947.3	15753	A	G	1	0	38	537	99	64	0.998141	538	0	TRUE	NA	NA	NA	NA	NA
MN908947.3	19655	A	G	2	0	55	295	64	60	0.983333	300	1.88204e-221	TRUE	NA	NA	NA	NA	NA
MN908947.3	21255	G	C	0	0	0	381	53	62	1	381	4.42496e-294	TRUE	NA	NA	NA	NA	NA
MN908947.3	21614	C	T	0	0	0	286	62	63	1	286	1.29218e-220	TRUE	NA	NA	NA	NA	NA
MN908947.3	22227	C	T	1	0	76	174	24	63	0.988636	176	9.1289e-134	TRUE	NA	NA	NA	NA	NA
MN908947.3	23403	A	G	0	0	0	286	53	64	1	286	1.39733e-223	TRUE	NA	NA	NA	NA	NA
MN908947.3	23611	G	A	1	0	71	385	33	64	0.997409	386	6.09744e-300	TRUE	NA	NA	NA	NA	NA
MN908947.3	24767	C	T	0	0	0	260	43	59	1	260	1.13196e-195	TRUE	NA	NA	NA	NA	NA
MN908947.3	26801	C	G	0	0	0	455	66	62	1	455	0	TRUE	NA	NA	NA	NA	NA
MN908947.3	27182	T	C	1	1	38	578	142	56	0.998273	579	0	TRUE	NA	NA	NA	NA	NA
MN908947.3	27944	C	T	6	0	73	887	249	58	0.993281	893	0	TRUE	NA	NA	NA	NA	NA
MN908947.3	28932	C	T	0	0	0	889	145	62	1	889	0	TRUE	NA	NA	NA	NA	NA
MN908947.3	29645	G	T	0	0	0	735	138	62	1	735	0	TRUE	NA	NA	NA	NA	NA
