REGION	POS	REF	ALT	REF_DP	REF_RV	REF_QUAL	ALT_DP	ALT_RV	ALT_QUAL	ALT_FREQ	TOTAL_DP	PVAL	PASS	GFF_FEATURE	REF_CODON	REF_AA	ALT_CODON	ALT_AA
MN908947.3	8603	T	C	0	0	0	248	246	38	1	248	4.39523e-150	TRUE	NA	NA	NA	NA	NA
MN908947.3	23063	A	T	0	0	0	80	80	38	1	80	2.17285e-47	TRUE	NA	NA	NA	NA	NA
MN908947.3	23271	C	A	0	0	0	166	0	41	1	166	7.99815e-103	TRUE	NA	NA	NA	NA	NA
MN908947.3	23403	A	G	0	0	0	172	155	42	1	172	1.10174e-108	TRUE	NA	NA	NA	NA	NA
MN908947.3	23604	C	A	0	0	0	412	13	71	1	412	0	TRUE	NA	NA	NA	NA	NA
MN908947.3	23709	C	T	0	0	0	396	396	38	1	396	1.70604e-238	TRUE	NA	NA	NA	NA	NA
MN908947.3	24331	T	A	0	0	0	65	52	45	1	65	4.44251e-42	TRUE	NA	NA	NA	NA	NA
MN908947.3	24914	G	C	0	0	0	2132	108	72	0.999531	2133	0	TRUE	NA	NA	NA	NA	NA
MN908947.3	25437	G	T	0	0	0	2253	57	69	1	2253	0	TRUE	NA	NA	NA	NA	NA
MN908947.3	27754	G	T	0	0	0	54	52	40	1	54	1.0334e-32	TRUE	NA	NA	NA	NA	NA
MN908947.3	28111	A	G	0	0	0	1640	32	37	0.999391	1641	0	TRUE	NA	NA	NA	NA	NA
MN908947.3	28270	T	-A	1607	52	72	3046	0	20	0.998361	3051	0	TRUE	NA	NA	NA	NA	NA
MN908947.3	28280	G	C	0	0	0	1610	53	71	1	1610	0	TRUE	NA	NA	NA	NA	NA
MN908947.3	28281	A	T	0	0	0	1609	53	72	1	1609	0	TRUE	NA	NA	NA	NA	NA
MN908947.3	28282	T	A	0	0	0	1613	58	72	1	1613	0	TRUE	NA	NA	NA	NA	NA
MN908947.3	28881	G	A	0	0	0	123	12	69	1	123	6.34972e-98	TRUE	NA	NA	NA	NA	NA
MN908947.3	28882	G	A	0	0	0	122	11	69	1	122	1.80683e-97	TRUE	NA	NA	NA	NA	NA
MN908947.3	28883	G	C	0	0	0	120	11	70	1	120	1.48654e-96	TRUE	NA	NA	NA	NA	NA
MN908947.3	28977	C	T	0	0	0	123	123	38	1	123	3.48033e-73	TRUE	NA	NA	NA	NA	NA
