REGION	POS	REF	ALT	REF_DP	REF_RV	REF_QUAL	ALT_DP	ALT_RV	ALT_QUAL	ALT_FREQ	TOTAL_DP	PVAL	PASS	GFF_FEATURE	REF_CODON	REF_AA	ALT_CODON	ALT_AA
MN908947.3	241	C	T	0	0	0	939	67	70	1	939	0	TRUE	NA	NA	NA	NA	NA
MN908947.3	2416	C	T	0	0	0	32	3	69	1	32	4.16301e-25	TRUE	NA	NA	NA	NA	NA
MN908947.3	3037	C	T	0	0	0	82	17	64	1	82	1.43987e-62	TRUE	NA	NA	NA	NA	NA
MN908947.3	14408	C	T	0	0	0	55	12	64	1	55	9.14306e-42	TRUE	NA	NA	NA	NA	NA
MN908947.3	14786	C	T	1	0	75	287	20	67	0.996528	288	6.32766e-223	TRUE	NA	NA	NA	NA	NA
MN908947.3	17007	T	C	131	129	38	164	160	39	0.555932	295	9.18732e-65	TRUE	NA	NA	NA	NA	NA
MN908947.3	20578	G	T	0	0	0	153	6	38	1	153	3.3661e-91	TRUE	NA	NA	NA	NA	NA
MN908947.3	23403	A	G	0	0	0	164	161	38	1	164	4.15422e-98	TRUE	NA	NA	NA	NA	NA
MN908947.3	25563	G	T	0	0	0	171	150	37	1	171	5.178e-102	TRUE	NA	NA	NA	NA	NA
