REGION	POS	REF	ALT	REF_DP	REF_RV	REF_QUAL	ALT_DP	ALT_RV	ALT_QUAL	ALT_FREQ	TOTAL_DP	PVAL	PASS	GFF_FEATURE	REF_CODON	REF_AA	ALT_CODON	ALT_AA
MN908947.3	241	C	T	1	0	77	1509	105	70	0.998676	1511	0	TRUE	NA	NA	NA	NA	NA
MN908947.3	1420	C	T	1	1	37	887	129	68	0.99775	889	0	TRUE	NA	NA	NA	NA	NA
MN908947.3	3037	C	T	0	0	0	76	13	64	1	76	3.45032e-58	TRUE	NA	NA	NA	NA	NA
MN908947.3	14408	C	T	0	0	0	63	4	69	1	63	9.30103e-50	TRUE	NA	NA	NA	NA	NA
MN908947.3	23403	A	G	0	0	0	260	253	38	1	260	1.66611e-155	TRUE	NA	NA	NA	NA	NA
MN908947.3	28881	G	A	0	0	0	362	71	66	0.997245	363	3.19338e-283	TRUE	NA	NA	NA	NA	NA
MN908947.3	28882	G	A	0	0	0	360	71	64	1	360	9.35702e-282	TRUE	NA	NA	NA	NA	NA
MN908947.3	28883	G	C	0	0	0	362	73	65	1	362	1.23387e-282	TRUE	NA	NA	NA	NA	NA
