REGION	POS	REF	ALT	REF_DP	REF_RV	REF_QUAL	ALT_DP	ALT_RV	ALT_QUAL	ALT_FREQ	TOTAL_DP	PVAL	PASS	GFF_FEATURE	REF_CODON	REF_AA	ALT_CODON	ALT_AA
MN908947.3	241	C	T	0	0	0	86	4	70	1	86	3.75526e-69	TRUE	NA	NA	NA	NA	NA
MN908947.3	3037	C	T	0	0	0	430	74	68	1	430	0	TRUE	NA	NA	NA	NA	NA
MN908947.3	7767	T	C	0	0	0	14	0	38	1	14	4.98547e-08	TRUE	NA	NA	NA	NA	NA
MN908947.3	11557	G	T	2	1	57	4774	236	73	0.999581	4776	0	TRUE	NA	NA	NA	NA	NA
MN908947.3	12988	G	T	0	0	0	634	13	74	1	634	0	TRUE	NA	NA	NA	NA	NA
MN908947.3	14408	C	T	0	0	0	297	17	71	1	297	7.21998e-238	TRUE	NA	NA	NA	NA	NA
MN908947.3	15598	G	A	4	2	38	4204	20	38	0.999049	4208	0	TRUE	NA	NA	NA	NA	NA
MN908947.3	17104	C	T	0	0	0	3026	1855	41	0.99967	3027	0	TRUE	NA	NA	NA	NA	NA
MN908947.3	17740	C	T	0	0	0	12	6	38	1	12	7.39602e-07	TRUE	NA	NA	NA	NA	NA
MN908947.3	18028	G	T	8	4	38	4908	126	38	0.99817	4917	0	TRUE	NA	NA	NA	NA	NA
MN908947.3	21764	A	-TACATG	360	18	38	359	0	20	0.975543	368	1.62968e-77	TRUE	NA	NA	NA	NA	NA
MN908947.3	22879	C	A	0	0	0	1562	5	38	0.994904	1570	0	TRUE	NA	NA	NA	NA	NA
MN908947.3	24910	T	C	0	0	0	875	20	73	1	875	0	TRUE	NA	NA	NA	NA	NA
MN908947.3	25606	G	T	0	0	0	1321	1128	43	1	1321	0	TRUE	NA	NA	NA	NA	NA
MN908947.3	26972	T	C	0	0	0	393	31	49	1	393	6.71171e-270	TRUE	NA	NA	NA	NA	NA
MN908947.3	29734	G	C	0	0	0	475	31	70	1	475	0	TRUE	NA	NA	NA	NA	NA
