REGION	POS	REF	ALT	REF_DP	REF_RV	REF_QUAL	ALT_DP	ALT_RV	ALT_QUAL	ALT_FREQ	TOTAL_DP	PVAL	PASS	GFF_FEATURE	REF_CODON	REF_AA	ALT_CODON	ALT_AA
MN908947.3	241	C	T	2	1	55	1021	126	68	0.99707	1024	0	TRUE	NA	NA	NA	NA	NA
MN908947.3	1218	C	T	0	0	0	272	270	38	0.996337	273	2.54394e-163	TRUE	NA	NA	NA	NA	NA
MN908947.3	2453	C	T	0	0	0	581	570	38	1	581	0	TRUE	NA	NA	NA	NA	NA
MN908947.3	3037	C	T	0	0	0	95	19	66	1	95	3.64029e-73	TRUE	NA	NA	NA	NA	NA
MN908947.3	4276	C	T	0	0	0	372	36	68	1	372	1.67253e-292	TRUE	NA	NA	NA	NA	NA
MN908947.3	4475	C	T	1	0	30	3143	117	73	0.999682	3144	0	TRUE	NA	NA	NA	NA	NA
MN908947.3	6101	G	A	0	0	0	507	31	71	1	507	0	TRUE	NA	NA	NA	NA	NA
MN908947.3	8683	C	T	1	0	39	4086	10	38	0.999755	4087	0	TRUE	NA	NA	NA	NA	NA
MN908947.3	8917	C	T	0	0	0	4882	4114	38	0.999795	4883	0	TRUE	NA	NA	NA	NA	NA
MN908947.3	12892	G	A	0	0	0	431	113	63	1	431	0	TRUE	NA	NA	NA	NA	NA
MN908947.3	14408	C	T	0	0	0	89	20	62	1	89	1.53026e-66	TRUE	NA	NA	NA	NA	NA
MN908947.3	19969	G	A	11	0	38	31	9	38	0.738095	42	4.54007e-14	TRUE	NA	NA	NA	NA	NA
MN908947.3	20413	T	C	0	0	0	203	14	68	1	203	6.88361e-160	TRUE	NA	NA	NA	NA	NA
MN908947.3	23403	A	G	1	1	39	285	280	38	0.996503	286	5.56765e-169	TRUE	NA	NA	NA	NA	NA
MN908947.3	24002	A	G	0	0	0	5592	493	70	1	5592	0	TRUE	NA	NA	NA	NA	NA
MN908947.3	26157	T	-GTTA	65	62	39	66	0	20	0.970588	68	5.79652e-16	TRUE	NA	NA	NA	NA	NA
MN908947.3	26528	A	T	2	2	39	2705	2018	38	0.999261	2707	0	TRUE	NA	NA	NA	NA	NA
MN908947.3	27110	C	T	1	1	38	2057	1992	37	0.999514	2058	0	TRUE	NA	NA	NA	NA	NA
MN908947.3	27384	T	C	0	0	0	377	20	65	1	377	6.59329e-295	TRUE	NA	NA	NA	NA	NA
MN908947.3	28881	G	A	0	0	0	787	193	64	1	787	0	TRUE	NA	NA	NA	NA	NA
MN908947.3	28882	G	A	0	0	0	785	192	63	1	785	0	TRUE	NA	NA	NA	NA	NA
MN908947.3	28883	G	C	0	0	0	788	195	64	1	788	0	TRUE	NA	NA	NA	NA	NA
