REGION	POS	REF	ALT	REF_DP	REF_RV	REF_QUAL	ALT_DP	ALT_RV	ALT_QUAL	ALT_FREQ	TOTAL_DP	PVAL	PASS	GFF_FEATURE	REF_CODON	REF_AA	ALT_CODON	ALT_AA
MN908947.3	913	C	T	0	0	0	10	4	55	1	10	5.09877e-07	TRUE	NA	NA	NA	NA	NA
MN908947.3	6954	T	C	0	0	0	14	5	59	1	14	2.63415e-10	TRUE	NA	NA	NA	NA	NA
MN908947.3	11287	G	-TCTGGTTTT	16	3	67	29	0	20	1	29	3.39995e-09	TRUE	NA	NA	NA	NA	NA
MN908947.3	23063	A	T	0	0	0	12	1	68	1	12	2.81835e-09	TRUE	NA	NA	NA	NA	NA
MN908947.3	23604	C	A	0	0	0	10	1	65	1	10	1.18536e-07	TRUE	NA	NA	NA	NA	NA
MN908947.3	24506	T	G	0	0	0	10	1	59	1	10	3.05926e-07	TRUE	NA	NA	NA	NA	NA
MN908947.3	27972	C	T	2	1	38	18	8	58	0.9	20	1.64442e-11	TRUE	NA	NA	NA	NA	NA
MN908947.3	28048	G	T	0	0	0	19	4	62	1	19	3.28883e-14	TRUE	NA	NA	NA	NA	NA
MN908947.3	28111	A	G	0	0	0	24	9	52	1	24	7.79289e-17	TRUE	NA	NA	NA	NA	NA
MN908947.3	28270	T	-A	24	4	66	32	0	20	0.761905	42	9.82542e-11	TRUE	NA	NA	NA	NA	NA
MN908947.3	28280	G	C	0	0	0	19	4	62	1	19	3.28883e-14	TRUE	NA	NA	NA	NA	NA
MN908947.3	28281	A	T	0	0	0	19	4	63	1	19	3.28883e-14	TRUE	NA	NA	NA	NA	NA
MN908947.3	28282	T	A	0	0	0	19	4	63	1	19	3.28883e-14	TRUE	NA	NA	NA	NA	NA
MN908947.3	28881	G	A	0	0	0	28	1	69	1	28	3.43607e-22	TRUE	NA	NA	NA	NA	NA
MN908947.3	28882	G	A	0	0	0	28	1	69	1	28	3.43607e-22	TRUE	NA	NA	NA	NA	NA
MN908947.3	28883	G	C	0	0	0	28	1	70	1	28	3.43607e-22	TRUE	NA	NA	NA	NA	NA
MN908947.3	28977	C	T	0	0	0	29	2	62	1	29	7.56017e-22	TRUE	NA	NA	NA	NA	NA
