REGION	POS	REF	ALT	REF_DP	REF_RV	REF_QUAL	ALT_DP	ALT_RV	ALT_QUAL	ALT_FREQ	TOTAL_DP	PVAL	PASS	GFF_FEATURE	REF_CODON	REF_AA	ALT_CODON	ALT_AA
MN908947.3	241	C	T	0	0	0	1064	207	58	1	1064	0	TRUE	NA	NA	NA	NA	NA
MN908947.3	373	G	A	0	0	0	2502	935	38	1	2502	0	TRUE	NA	NA	NA	NA	NA
MN908947.3	3037	C	T	0	0	0	1000	440	52	1	1000	0	TRUE	NA	NA	NA	NA	NA
MN908947.3	3661	G	A	0	0	0	1519	288	60	0.999342	1520	0	TRUE	NA	NA	NA	NA	NA
MN908947.3	11230	G	T	0	0	0	4738	750	67	0.999578	4740	0	TRUE	NA	NA	NA	NA	NA
MN908947.3	11401	G	T	0	0	0	508	19	38	0.998035	509	7.15491e-306	TRUE	NA	NA	NA	NA	NA
MN908947.3	14408	C	T	0	0	0	379	91	64	1	379	1.30091e-291	TRUE	NA	NA	NA	NA	NA
MN908947.3	15279	C	T	1	0	36	562	4	38	0.998224	563	0	TRUE	NA	NA	NA	NA	NA
MN908947.3	23403	A	G	0	0	0	2439	2436	38	1	2439	0	TRUE	NA	NA	NA	NA	NA
MN908947.3	24088	T	C	10	9	30	4267	4225	37	0.997662	4277	0	TRUE	NA	NA	NA	NA	NA
MN908947.3	25617	G	T	5	5	38	1696	1689	38	0.997061	1701	0	TRUE	NA	NA	NA	NA	NA
MN908947.3	28881	G	A	0	0	0	1292	235	61	1	1292	0	TRUE	NA	NA	NA	NA	NA
MN908947.3	28882	G	A	0	0	0	1295	240	60	1	1295	0	TRUE	NA	NA	NA	NA	NA
MN908947.3	28883	G	C	0	0	0	1294	238	61	1	1294	0	TRUE	NA	NA	NA	NA	NA
MN908947.3	29648	G	A	1	0	31	3137	2187	47	0.999681	3138	0	TRUE	NA	NA	NA	NA	NA
MN908947.3	29729	T	-CACCGAGGCCACGCGGAGTACGATCGAGTGTACAGTGAACAATGCTAGG	1096	254	62	974	0	20	0.540211	1803	3.28903e-293	TRUE	NA	NA	NA	NA	NA
