REGION	POS	REF	ALT	REF_DP	REF_RV	REF_QUAL	ALT_DP	ALT_RV	ALT_QUAL	ALT_FREQ	TOTAL_DP	PVAL	PASS	GFF_FEATURE	REF_CODON	REF_AA	ALT_CODON	ALT_AA
MN908947.3	100	C	T	7	1	64	7895	1072	58	0.998988	7903	0	TRUE	NA	NA	NA	NA	NA
MN908947.3	241	C	T	5	1	61	8203	867	60	0.999147	8210	0	TRUE	NA	NA	NA	NA	NA
MN908947.3	3037	C	T	6	2	61	6188	482	63	0.999031	6194	0	TRUE	NA	NA	NA	NA	NA
MN908947.3	3340	G	T	4	1	52	9747	1395	64	0.998361	9763	0	TRUE	NA	NA	NA	NA	NA
MN908947.3	10667	T	G	0	0	0	2936	249	64	0.99966	2937	0	TRUE	NA	NA	NA	NA	NA
MN908947.3	11335	G	T	5	1	50	5606	1342	56	0.998753	5613	0	TRUE	NA	NA	NA	NA	NA
MN908947.3	11824	C	T	11	4	52	11142	1380	64	0.998656	11157	0	TRUE	NA	NA	NA	NA	NA
MN908947.3	12053	C	T	16	2	66	11809	1965	60	0.997972	11833	0	TRUE	NA	NA	NA	NA	NA
MN908947.3	12076	C	T	20	3	61	12466	2267	61	0.997999	12491	0	TRUE	NA	NA	NA	NA	NA
MN908947.3	12964	A	G	13	3	60	38235	6238	64	0.999477	38255	0	TRUE	NA	NA	NA	NA	NA
MN908947.3	14408	C	T	5	0	75	1692	229	62	0.996466	1698	0	TRUE	NA	NA	NA	NA	NA
MN908947.3	23012	G	A	1	0	72	3244	397	63	0.999076	3247	0	TRUE	NA	NA	NA	NA	NA
MN908947.3	23403	A	G	9	0	55	4105	733	62	0.997812	4114	0	TRUE	NA	NA	NA	NA	NA
MN908947.3	25088	G	T	1	0	76	1174	240	58	0.998299	1176	0	TRUE	NA	NA	NA	NA	NA
MN908947.3	28253	C	T	2	1	55	4841	648	61	0.999587	4843	0	TRUE	NA	NA	NA	NA	NA
MN908947.3	28628	G	T	2	1	37	8207	1450	60	0.999391	8212	0	TRUE	NA	NA	NA	NA	NA
MN908947.3	28881	G	A	22	3	61	10045	1585	59	0.997815	10067	0	TRUE	NA	NA	NA	NA	NA
MN908947.3	28882	G	A	25	5	56	10021	1582	59	0.996024	10061	0	TRUE	NA	NA	NA	NA	NA
MN908947.3	28883	G	C	3	1	58	10101	1617	60	0.999505	10106	0	TRUE	NA	NA	NA	NA	NA
MN908947.3	28975	G	T	2	0	76	11174	1863	61	0.999374	11181	0	TRUE	NA	NA	NA	NA	NA
MN908947.3	29754	C	T	25	10	54	1902	367	65	0.986003	1929	0	TRUE	NA	NA	NA	NA	NA
MN908947.3	29870	C	A	19	12	47	19	19	30	0.487179	39	8.30801e-09	TRUE	NA	NA	NA	NA	NA
