REGION	POS	REF	ALT	REF_DP	REF_RV	REF_QUAL	ALT_DP	ALT_RV	ALT_QUAL	ALT_FREQ	TOTAL_DP	PVAL	PASS	GFF_FEATURE	REF_CODON	REF_AA	ALT_CODON	ALT_AA
MN908947.3	174	G	T	0	0	0	2795	77	69	0.999642	2796	0	TRUE	NA	NA	NA	NA	NA
MN908947.3	241	C	T	0	0	0	2794	132	71	1	2794	0	TRUE	NA	NA	NA	NA	NA
MN908947.3	1059	C	T	1	0	39	3158	27	39	0.999683	3159	0	TRUE	NA	NA	NA	NA	NA
MN908947.3	2692	A	T	0	0	0	615	16	75	1	615	0	TRUE	NA	NA	NA	NA	NA
MN908947.3	3037	C	T	0	0	0	2744	305	71	1	2744	0	TRUE	NA	NA	NA	NA	NA
MN908947.3	4202	C	T	0	0	0	2251	73	73	1	2251	0	TRUE	NA	NA	NA	NA	NA
MN908947.3	5230	G	T	75	39	38	304	298	38	0.802111	379	7.6076e-142	TRUE	NA	NA	NA	NA	NA
MN908947.3	6106	T	C	0	0	0	1014	53	74	1	1014	0	TRUE	NA	NA	NA	NA	NA
MN908947.3	9344	C	T	1	0	78	2945	134	73	0.999661	2946	0	TRUE	NA	NA	NA	NA	NA
MN908947.3	10323	A	G	1	0	78	4168	401	70	0.99976	4169	0	TRUE	NA	NA	NA	NA	NA
MN908947.3	10776	C	T	1618	2	38	633	0	38	0.281083	2252	4.14438e-210	TRUE	NA	NA	NA	NA	NA
MN908947.3	11287	G	-TCTGGTTTT	2000	1987	38	2006	0	20	0.994054	2018	0	TRUE	NA	NA	NA	NA	NA
MN908947.3	11750	C	T	880	64	69	688	40	71	0.438496	1569	0	TRUE	NA	NA	NA	NA	NA
MN908947.3	14408	C	T	1	0	74	4111	120	75	0.999028	4115	0	TRUE	NA	NA	NA	NA	NA
MN908947.3	16393	C	T	1	1	39	2822	2743	39	0.999646	2823	0	TRUE	NA	NA	NA	NA	NA
MN908947.3	21801	A	C	1	0	38	608	20	72	0.998358	609	0	TRUE	NA	NA	NA	NA	NA
MN908947.3	22206	A	G	0	0	0	973	35	72	1	973	0	TRUE	NA	NA	NA	NA	NA
MN908947.3	22280	A	-CTTTACTTG	963	962	38	968	0	20	0.99691	971	5.56751e-203	TRUE	NA	NA	NA	NA	NA
MN908947.3	22813	G	T	0	0	0	776	773	38	0.998713	777	0	TRUE	NA	NA	NA	NA	NA
MN908947.3	23403	A	G	0	0	0	1879	1870	38	1	1879	0	TRUE	NA	NA	NA	NA	NA
MN908947.3	23664	C	T	1	1	38	1787	708	57	0.999441	1788	0	TRUE	NA	NA	NA	NA	NA
MN908947.3	25563	G	T	0	0	0	3458	3398	38	1	3458	0	TRUE	NA	NA	NA	NA	NA
MN908947.3	25904	C	T	0	0	0	910	908	38	1	910	0	TRUE	NA	NA	NA	NA	NA
MN908947.3	26456	C	T	0	0	0	2045	2017	39	0.999023	2047	0	TRUE	NA	NA	NA	NA	NA
MN908947.3	27193	T	C	61	59	38	6872	3998	37	0.991202	6933	0	TRUE	NA	NA	NA	NA	NA
MN908947.3	28253	C	T	2	0	68	3833	94	72	0.999478	3835	0	TRUE	NA	NA	NA	NA	NA
MN908947.3	28887	C	T	0	0	0	395	49	68	1	395	5.43763e-312	TRUE	NA	NA	NA	NA	NA
