REGION	POS	REF	ALT	REF_DP	REF_RV	REF_QUAL	ALT_DP	ALT_RV	ALT_QUAL	ALT_FREQ	TOTAL_DP	PVAL	PASS	GFF_FEATURE	REF_CODON	REF_AA	ALT_CODON	ALT_AA
MN908947.3	241	C	T	0	0	0	966	29	72	1	966	0	TRUE	NA	NA	NA	NA	NA
MN908947.3	1210	G	T	0	0	0	550	537	39	1	550	0	TRUE	NA	NA	NA	NA	NA
MN908947.3	3037	C	T	0	0	0	391	62	70	1	391	3.77856e-311	TRUE	NA	NA	NA	NA	NA
MN908947.3	9802	G	T	0	0	0	235	235	38	1	235	2.87602e-142	TRUE	NA	NA	NA	NA	NA
MN908947.3	10046	G	A	114	114	38	41	21	38	0.264516	155	2.14457e-14	TRUE	NA	NA	NA	NA	NA
MN908947.3	12067	G	T	0	0	0	807	58	71	1	807	0	TRUE	NA	NA	NA	NA	NA
MN908947.3	13667	C	T	16	4	37	258	48	38	0.941606	274	4.72437e-138	TRUE	NA	NA	NA	NA	NA
MN908947.3	14408	C	T	0	0	0	147	11	71	1	147	1.27737e-117	TRUE	NA	NA	NA	NA	NA
MN908947.3	15957	G	T	0	0	0	3962	2	38	0.999748	3963	0	TRUE	NA	NA	NA	NA	NA
MN908947.3	19017	C	T	0	0	0	571	8	38	1	571	0	TRUE	NA	NA	NA	NA	NA
MN908947.3	20477	G	T	2	2	39	200	197	38	0.990099	202	2.50178e-116	TRUE	NA	NA	NA	NA	NA
MN908947.3	22204	T	C	0	0	0	318	29	69	1	318	6.00497e-257	TRUE	NA	NA	NA	NA	NA
MN908947.3	23403	A	G	0	0	0	1009	1005	38	1	1009	0	TRUE	NA	NA	NA	NA	NA
MN908947.3	27865	A	T	0	0	0	699	0	38	1	699	0	TRUE	NA	NA	NA	NA	NA
MN908947.3	27866	T	A	0	0	0	696	0	38	0.997135	698	0	TRUE	NA	NA	NA	NA	NA
MN908947.3	28881	G	A	0	0	0	641	58	71	1	641	0	TRUE	NA	NA	NA	NA	NA
MN908947.3	28882	G	A	0	0	0	640	60	69	1	640	0	TRUE	NA	NA	NA	NA	NA
MN908947.3	28883	G	C	0	0	0	641	62	70	1	641	0	TRUE	NA	NA	NA	NA	NA
MN908947.3	29580	C	T	0	0	0	1573	1149	38	1	1573	0	TRUE	NA	NA	NA	NA	NA
MN908947.3	29785	T	A	0	0	0	440	436	38	1	440	5.80614e-265	TRUE	NA	NA	NA	NA	NA
