REGION	POS	REF	ALT	REF_DP	REF_RV	REF_QUAL	ALT_DP	ALT_RV	ALT_QUAL	ALT_FREQ	TOTAL_DP	PVAL	PASS	GFF_FEATURE	REF_CODON	REF_AA	ALT_CODON	ALT_AA
MN908947.3	241	C	T	0	0	0	36	3	63	1	36	3.12133e-27	TRUE	NA	NA	NA	NA	NA
MN908947.3	408	A	G	0	0	0	61	6	61	1	61	6.2406e-46	TRUE	NA	NA	NA	NA	NA
MN908947.3	445	T	C	0	0	0	75	7	63	1	75	9.30678e-58	TRUE	NA	NA	NA	NA	NA
MN908947.3	2764	G	T	0	0	0	73	9	65	0.986486	74	1.83883e-57	TRUE	NA	NA	NA	NA	NA
MN908947.3	3037	C	T	0	0	0	110	12	62	1	110	1.98902e-84	TRUE	NA	NA	NA	NA	NA
MN908947.3	6286	C	T	0	0	0	70	25	50	1	70	2.28135e-48	TRUE	NA	NA	NA	NA	NA
MN908947.3	9073	C	T	0	0	0	127	13	67	1	127	1.02008e-99	TRUE	NA	NA	NA	NA	NA
MN908947.3	14408	C	T	0	0	0	65	1	71	1	65	3.71621e-52	TRUE	NA	NA	NA	NA	NA
MN908947.3	21255	G	C	0	0	0	169	31	58	1	169	1.99792e-127	TRUE	NA	NA	NA	NA	NA
MN908947.3	22088	C	T	0	0	0	56	8	62	0.982456	57	2.16926e-43	TRUE	NA	NA	NA	NA	NA
MN908947.3	22227	C	T	0	0	0	71	12	61	1	71	4.89763e-54	TRUE	NA	NA	NA	NA	NA
MN908947.3	23403	A	G	0	0	0	114	18	64	1	114	9.70998e-89	TRUE	NA	NA	NA	NA	NA
MN908947.3	26801	C	G	0	0	0	139	21	59	1	139	2.61395e-105	TRUE	NA	NA	NA	NA	NA
MN908947.3	28932	C	T	2	0	57	234	27	63	0.987342	237	1.79112e-178	TRUE	NA	NA	NA	NA	NA
MN908947.3	29645	G	T	0	0	0	139	29	61	1	139	1.0172e-105	TRUE	NA	NA	NA	NA	NA
MN908947.3	29686	C	T	0	0	0	110	25	62	1	110	1.28089e-83	TRUE	NA	NA	NA	NA	NA
