REGION	POS	REF	ALT	REF_DP	REF_RV	REF_QUAL	ALT_DP	ALT_RV	ALT_QUAL	ALT_FREQ	TOTAL_DP	PVAL	PASS	GFF_FEATURE	REF_CODON	REF_AA	ALT_CODON	ALT_AA
MN908947.3	241	C	T	1	0	77	4448	340	70	0.999775	4449	0	TRUE	NA	NA	NA	NA	NA
MN908947.3	1363	T	A	5	0	38	2432	5	38	0.997539	2438	0	TRUE	NA	NA	NA	NA	NA
MN908947.3	3037	C	T	0	0	0	367	67	63	1	367	1.49114e-278	TRUE	NA	NA	NA	NA	NA
MN908947.3	7767	T	C	0	0	0	46	4	48	1	46	3.99442e-31	TRUE	NA	NA	NA	NA	NA
MN908947.3	8047	C	T	2	0	38	9627	19	38	0.999792	9629	0	TRUE	NA	NA	NA	NA	NA
MN908947.3	10645	C	T	0	0	0	452	417	38	1	452	4.45641e-273	TRUE	NA	NA	NA	NA	NA
MN908947.3	11557	G	T	10	10	37	3697	249	71	0.997033	3708	0	TRUE	NA	NA	NA	NA	NA
MN908947.3	12988	G	T	0	0	0	1527	1387	39	1	1527	0	TRUE	NA	NA	NA	NA	NA
MN908947.3	14408	C	T	0	0	0	265	39	65	1	265	9.7363e-204	TRUE	NA	NA	NA	NA	NA
MN908947.3	15598	G	A	1	0	39	3079	10	38	0.999675	3080	0	TRUE	NA	NA	NA	NA	NA
MN908947.3	17104	C	T	4	2	38	20045	1216	38	0.999601	20053	0	TRUE	NA	NA	NA	NA	NA
MN908947.3	17740	C	T	0	0	0	516	1	38	1	516	8.75083e-310	TRUE	NA	NA	NA	NA	NA
MN908947.3	18028	G	T	0	0	0	3952	636	38	0.999494	3954	0	TRUE	NA	NA	NA	NA	NA
MN908947.3	20268	A	G	0	0	0	706	16	38	1	706	0	TRUE	NA	NA	NA	NA	NA
MN908947.3	20451	C	T	0	0	0	639	627	38	1	639	0	TRUE	NA	NA	NA	NA	NA
MN908947.3	21764	A	-TACATG	384	2	39	399	0	20	0.995012	401	1.4688e-85	TRUE	NA	NA	NA	NA	NA
MN908947.3	22879	C	A	0	0	0	1805	8	38	0.997238	1810	0	TRUE	NA	NA	NA	NA	NA
MN908947.3	23403	A	G	0	0	0	971	959	38	1	971	0	TRUE	NA	NA	NA	NA	NA
MN908947.3	24910	T	C	0	0	0	613	58	65	1	613	0	TRUE	NA	NA	NA	NA	NA
MN908947.3	25606	G	T	3	2	38	727	699	38	0.99589	730	0	TRUE	NA	NA	NA	NA	NA
MN908947.3	25910	A	G	409	404	38	1051	1037	38	0.719863	1460	0	TRUE	NA	NA	NA	NA	NA
MN908947.3	26313	C	T	3	0	39	2726	9	38	0.998901	2729	0	TRUE	NA	NA	NA	NA	NA
MN908947.3	26972	T	C	0	0	0	4239	42	44	1	4239	0	TRUE	NA	NA	NA	NA	NA
MN908947.3	27800	C	A	1	1	38	54	47	38	0.981818	55	1.11644e-30	TRUE	NA	NA	NA	NA	NA
MN908947.3	29734	G	C	0	0	0	261	36	64	1	261	5.32921e-203	TRUE	NA	NA	NA	NA	NA
