REGION	POS	REF	ALT	REF_DP	REF_RV	REF_QUAL	ALT_DP	ALT_RV	ALT_QUAL	ALT_FREQ	TOTAL_DP	PVAL	PASS	GFF_FEATURE	REF_CODON	REF_AA	ALT_CODON	ALT_AA
MN908947.3	241	C	T	1	0	72	1843	101	71	0.999458	1844	0	TRUE	NA	NA	NA	NA	NA
MN908947.3	1190	C	T	0	0	0	327	13	65	1	327	6.49172e-255	TRUE	NA	NA	NA	NA	NA
MN908947.3	3037	C	T	0	0	0	180	29	66	1	180	1.27796e-139	TRUE	NA	NA	NA	NA	NA
MN908947.3	3692	G	T	0	0	0	721	39	71	1	721	0	TRUE	NA	NA	NA	NA	NA
MN908947.3	4543	C	T	0	0	0	3202	258	72	1	3202	0	TRUE	NA	NA	NA	NA	NA
MN908947.3	5234	A	G	8	5	39	488	487	38	0.983871	496	4.68476e-281	TRUE	NA	NA	NA	NA	NA
MN908947.3	6945	T	C	2	1	39	935	62	72	0.997866	937	0	TRUE	NA	NA	NA	NA	NA
MN908947.3	8365	T	C	0	0	0	364	5	38	1	364	2.39573e-218	TRUE	NA	NA	NA	NA	NA
MN908947.3	11224	C	T	1	1	38	1813	104	72	0.999449	1814	0	TRUE	NA	NA	NA	NA	NA
MN908947.3	14408	C	T	0	0	0	127	11	70	1	127	7.32757e-101	TRUE	NA	NA	NA	NA	NA
MN908947.3	16568	C	T	0	0	0	2109	20	39	1	2109	0	TRUE	NA	NA	NA	NA	NA
MN908947.3	18877	C	T	0	0	0	850	836	39	1	850	0	TRUE	NA	NA	NA	NA	NA
MN908947.3	21405	A	T	3	3	37	2140	1870	38	0.997669	2145	0	TRUE	NA	NA	NA	NA	NA
MN908947.3	22444	C	T	0	0	0	730	35	69	1	730	0	TRUE	NA	NA	NA	NA	NA
MN908947.3	23403	A	G	0	0	0	607	595	39	1	607	0	TRUE	NA	NA	NA	NA	NA
MN908947.3	24655	G	A	0	0	0	826	781	40	1	826	0	TRUE	NA	NA	NA	NA	NA
MN908947.3	25563	G	T	0	0	0	410	374	38	1	410	8.2292e-248	TRUE	NA	NA	NA	NA	NA
MN908947.3	26059	A	G	0	0	0	92	1	37	1	92	1.38858e-54	TRUE	NA	NA	NA	NA	NA
MN908947.3	26735	C	T	0	0	0	462	39	71	1	462	0	TRUE	NA	NA	NA	NA	NA
MN908947.3	27382	G	T	0	0	0	378	18	71	1	378	3.01449e-302	TRUE	NA	NA	NA	NA	NA
MN908947.3	27758	G	+ATTGAACTTTCATTA	22	22	38	22	0	20	1	22	1.7324e-05	TRUE	NA	NA	NA	NA	NA
MN908947.3	27971	T	C	0	0	0	217	14	69	1	217	1.62557e-174	TRUE	NA	NA	NA	NA	NA
MN908947.3	28854	C	T	0	0	0	748	86	69	1	748	0	TRUE	NA	NA	NA	NA	NA
