REGION	POS	REF	ALT	REF_DP	REF_RV	REF_QUAL	ALT_DP	ALT_RV	ALT_QUAL	ALT_FREQ	TOTAL_DP	PVAL	PASS	GFF_FEATURE	REF_CODON	REF_AA	ALT_CODON	ALT_AA
MN908947.3	913	C	T	0	0	0	16	2	65	1	16	3.77099e-12	TRUE	NA	NA	NA	NA	NA
MN908947.3	9975	C	A	8	0	69	3	0	75	0.272727	11	0.0367075	FALSE	NA	NA	NA	NA	NA
MN908947.3	10968	T	-C	15	0	63	9	0	20	0.346154	26	0.000636424	TRUE	NA	NA	NA	NA	NA
MN908947.3	11287	G	-TCTGGTTTT	18	3	62	30	0	20	0.967742	31	2.12552e-09	TRUE	NA	NA	NA	NA	NA
MN908947.3	15279	C	T	0	0	0	10	1	55	1	10	3.05926e-07	TRUE	NA	NA	NA	NA	NA
MN908947.3	27972	C	T	0	0	0	15	3	54	1	15	1.79601e-10	TRUE	NA	NA	NA	NA	NA
MN908947.3	28111	A	G	0	0	0	10	1	51	1	10	5.09877e-07	TRUE	NA	NA	NA	NA	NA
MN908947.3	28270	T	-A	11	2	63	16	0	20	0.842105	19	2.01629e-05	TRUE	NA	NA	NA	NA	NA
MN908947.3	28881	G	A	0	0	0	16	2	65	1	16	3.77099e-12	TRUE	NA	NA	NA	NA	NA
MN908947.3	28882	G	A	0	0	0	16	2	65	1	16	3.77099e-12	TRUE	NA	NA	NA	NA	NA
MN908947.3	28883	G	C	0	0	0	16	2	65	1	16	3.77099e-12	TRUE	NA	NA	NA	NA	NA
MN908947.3	28977	C	T	0	0	0	19	1	66	1	19	8.40108e-15	TRUE	NA	NA	NA	NA	NA
