REGION	POS	REF	ALT	REF_DP	REF_RV	REF_QUAL	ALT_DP	ALT_RV	ALT_QUAL	ALT_FREQ	TOTAL_DP	PVAL	PASS	GFF_FEATURE	REF_CODON	REF_AA	ALT_CODON	ALT_AA
MN908947.3	241	C	T	1	0	77	9613	330	72	0.999792	9615	0	TRUE	NA	NA	NA	NA	NA
MN908947.3	445	T	C	0	0	0	7118	14	38	1	7118	0	TRUE	NA	NA	NA	NA	NA
MN908947.3	3037	C	T	0	0	0	2014	266	71	1	2014	0	TRUE	NA	NA	NA	NA	NA
MN908947.3	5069	G	T	101	0	51	54	0	51	0.348387	155	1.87907e-23	TRUE	NA	NA	NA	NA	NA
MN908947.3	6139	A	+T	446	428	40	145	0	20	0.311828	465	5.80521e-35	TRUE	NA	NA	NA	NA	NA
MN908947.3	6286	C	T	0	0	0	448	4	40	1	448	1.14325e-275	TRUE	NA	NA	NA	NA	NA
MN908947.3	6573	C	T	1045	2	38	395	0	39	0.274306	1440	1.21024e-132	TRUE	NA	NA	NA	NA	NA
MN908947.3	9580	T	A	1374	9	40	728	3	40	0.346337	2102	1.08149e-264	TRUE	NA	NA	NA	NA	NA
MN908947.3	11401	G	C	0	0	0	1279	8	39	1	1279	0	TRUE	NA	NA	NA	NA	NA
MN908947.3	12793	G	T	3272	1	38	1440	0	38	0.305538	4713	0	TRUE	NA	NA	NA	NA	NA
MN908947.3	13968	C	T	2	0	38	718	1	37	0.997222	720	0	TRUE	NA	NA	NA	NA	NA
MN908947.3	14408	C	T	2	0	77	8304	294	74	0.999759	8306	0	TRUE	NA	NA	NA	NA	NA
MN908947.3	15472	G	C	801	800	38	476	455	38	0.372749	1277	7.71068e-169	TRUE	NA	NA	NA	NA	NA
MN908947.3	15983	T	-AA	5795	222	73	5685	0	20	0.50918	11165	0	TRUE	NA	NA	NA	NA	NA
MN908947.3	18595	T	-G	843	843	38	423	0	20	0.49186	860	5.9055e-97	TRUE	NA	NA	NA	NA	NA
MN908947.3	19963	A	-T	718	4	37	206	0	20	0.282192	730	3.01754e-47	TRUE	NA	NA	NA	NA	NA
MN908947.3	20930	C	T	0	0	0	1194	41	72	1	1194	0	TRUE	NA	NA	NA	NA	NA
MN908947.3	21255	G	C	0	0	0	678	29	73	0.998527	679	0	TRUE	NA	NA	NA	NA	NA
MN908947.3	22227	C	T	0	0	0	341	324	40	1	341	4.08063e-210	TRUE	NA	NA	NA	NA	NA
MN908947.3	23403	A	G	0	0	0	2339	2293	39	1	2339	0	TRUE	NA	NA	NA	NA	NA
MN908947.3	26801	C	G	0	0	0	3010	2993	38	1	3010	0	TRUE	NA	NA	NA	NA	NA
MN908947.3	28932	C	T	0	0	0	1591	1584	38	1	1591	0	TRUE	NA	NA	NA	NA	NA
MN908947.3	29645	G	T	1	1	20	362	357	38	0.997245	363	1.46046e-217	TRUE	NA	NA	NA	NA	NA
