REGION	POS	REF	ALT	REF_DP	REF_RV	REF_QUAL	ALT_DP	ALT_RV	ALT_QUAL	ALT_FREQ	TOTAL_DP	PVAL	PASS	GFF_FEATURE	REF_CODON	REF_AA	ALT_CODON	ALT_AA
MN908947.3	241	C	T	1	0	38	2723	200	69	0.999633	2724	0	TRUE	NA	NA	NA	NA	NA
MN908947.3	445	T	C	1	0	38	842	17	37	0.998814	843	0	TRUE	NA	NA	NA	NA	NA
MN908947.3	922	G	T	0	0	0	3580	3560	38	0.999721	3581	0	TRUE	NA	NA	NA	NA	NA
MN908947.3	3037	C	T	0	0	0	58	15	58	1	58	3.71055e-42	TRUE	NA	NA	NA	NA	NA
MN908947.3	6286	C	T	0	0	0	1624	19	38	1	1624	0	TRUE	NA	NA	NA	NA	NA
MN908947.3	11417	G	T	0	0	0	58	4	38	1	58	3.25668e-34	TRUE	NA	NA	NA	NA	NA
MN908947.3	14408	C	T	0	0	0	15	3	64	1	15	3.97759e-11	TRUE	NA	NA	NA	NA	NA
MN908947.3	21255	G	C	0	0	0	29	4	61	1	29	1.96109e-21	TRUE	NA	NA	NA	NA	NA
MN908947.3	22227	C	T	0	0	0	263	256	38	1	263	1.30913e-157	TRUE	NA	NA	NA	NA	NA
MN908947.3	23403	A	G	0	0	0	449	444	38	1	449	4.45933e-270	TRUE	NA	NA	NA	NA	NA
MN908947.3	24106	C	T	1	1	39	9868	9767	38	0.999696	9871	0	TRUE	NA	NA	NA	NA	NA
MN908947.3	26801	C	G	0	0	0	11	7	38	1	11	2.83514e-06	TRUE	NA	NA	NA	NA	NA
MN908947.3	28310	C	A	2	1	34	3105	1082	49	0.997751	3112	0	TRUE	NA	NA	NA	NA	NA
MN908947.3	28320	C	T	2	1	36	3131	1119	51	0.999362	3133	0	TRUE	NA	NA	NA	NA	NA
MN908947.3	28932	C	T	0	0	0	523	519	38	1	523	4.31407e-316	TRUE	NA	NA	NA	NA	NA
MN908947.3	29645	G	T	0	0	0	206	141	44	1	206	5.31748e-133	TRUE	NA	NA	NA	NA	NA
