REGION	POS	REF	ALT	REF_DP	REF_RV	REF_QUAL	ALT_DP	ALT_RV	ALT_QUAL	ALT_FREQ	TOTAL_DP	PVAL	PASS	GFF_FEATURE	REF_CODON	REF_AA	ALT_CODON	ALT_AA
MN908947.3	408	A	G	0	0	0	12	3	55	1	12	1.92693e-08	TRUE	NA	NA	NA	NA	NA
MN908947.3	445	T	C	0	0	0	20	5	55	1	20	3.53638e-14	TRUE	NA	NA	NA	NA	NA
MN908947.3	2764	G	T	0	0	0	15	2	67	1	15	1.01345e-11	TRUE	NA	NA	NA	NA	NA
MN908947.3	3037	C	T	0	0	0	29	2	61	1	29	1.21278e-21	TRUE	NA	NA	NA	NA	NA
MN908947.3	6286	C	T	0	0	0	15	4	54	1	15	1.79601e-10	TRUE	NA	NA	NA	NA	NA
MN908947.3	9073	C	T	0	0	0	18	6	57	1	18	5.8279e-13	TRUE	NA	NA	NA	NA	NA
MN908947.3	14408	C	T	0	0	0	13	4	60	1	13	1.74469e-09	TRUE	NA	NA	NA	NA	NA
MN908947.3	21255	G	C	0	0	0	38	7	57	1	38	4.61665e-28	TRUE	NA	NA	NA	NA	NA
MN908947.3	22088	C	T	0	0	0	12	3	51	1	12	3.28712e-08	TRUE	NA	NA	NA	NA	NA
MN908947.3	22227	C	T	0	0	0	12	0	59	1	12	7.08614e-09	TRUE	NA	NA	NA	NA	NA
MN908947.3	23403	A	G	0	0	0	34	6	63	1	34	5.57919e-26	TRUE	NA	NA	NA	NA	NA
MN908947.3	26801	C	G	0	0	0	35	5	62	1	35	8.32354e-27	TRUE	NA	NA	NA	NA	NA
MN908947.3	28932	C	T	0	0	0	55	11	60	1	55	2.34386e-41	TRUE	NA	NA	NA	NA	NA
MN908947.3	29645	G	T	0	0	0	32	6	62	1	32	3.99294e-24	TRUE	NA	NA	NA	NA	NA
MN908947.3	29686	C	T	0	0	0	30	9	58	1	30	7.74113e-22	TRUE	NA	NA	NA	NA	NA
