REGION	POS	REF	ALT	REF_DP	REF_RV	REF_QUAL	ALT_DP	ALT_RV	ALT_QUAL	ALT_FREQ	TOTAL_DP	PVAL	PASS	GFF_FEATURE	REF_CODON	REF_AA	ALT_CODON	ALT_AA
MN908947.3	204	G	T	0	0	0	2086	51	67	1	2086	0	TRUE	NA	NA	NA	NA	NA
MN908947.3	241	C	T	0	0	0	2113	133	70	1	2113	0	TRUE	NA	NA	NA	NA	NA
MN908947.3	445	T	C	1	0	38	1638	7	37	0.99939	1639	0	TRUE	NA	NA	NA	NA	NA
MN908947.3	3037	C	T	0	0	0	455	84	68	1	455	0	TRUE	NA	NA	NA	NA	NA
MN908947.3	6286	C	T	0	0	0	2206	18	39	1	2206	0	TRUE	NA	NA	NA	NA	NA
MN908947.3	11533	A	G	0	0	0	2157	142	70	0.998611	2160	0	TRUE	NA	NA	NA	NA	NA
MN908947.3	12007	A	G	0	0	0	902	62	69	1	902	0	TRUE	NA	NA	NA	NA	NA
MN908947.3	14408	C	T	0	0	0	382	24	71	0.997389	383	5.26785e-310	TRUE	NA	NA	NA	NA	NA
MN908947.3	21255	G	C	0	0	0	2266	124	72	1	2266	0	TRUE	NA	NA	NA	NA	NA
MN908947.3	21614	C	T	0	0	0	597	502	39	1	597	0	TRUE	NA	NA	NA	NA	NA
MN908947.3	22227	C	T	0	0	0	821	773	40	1	821	0	TRUE	NA	NA	NA	NA	NA
MN908947.3	23403	A	G	0	0	0	1094	1072	38	1	1094	0	TRUE	NA	NA	NA	NA	NA
MN908947.3	24334	C	T	0	0	0	165	111	50	1	165	4.7114e-112	TRUE	NA	NA	NA	NA	NA
MN908947.3	26424	T	C	0	0	0	2099	113	71	1	2099	0	TRUE	NA	NA	NA	NA	NA
MN908947.3	26801	C	G	0	0	0	62	54	38	1	62	6.57547e-37	TRUE	NA	NA	NA	NA	NA
MN908947.3	26895	C	T	18	5	38	3242	60	38	0.994479	3260	0	TRUE	NA	NA	NA	NA	NA
MN908947.3	27944	C	T	0	0	0	449	33	70	1	449	0	TRUE	NA	NA	NA	NA	NA
MN908947.3	28932	C	T	0	0	0	1223	1216	38	1	1223	0	TRUE	NA	NA	NA	NA	NA
MN908947.3	29274	C	T	0	0	0	1351	1336	38	0.99926	1352	0	TRUE	NA	NA	NA	NA	NA
MN908947.3	29645	G	T	0	0	0	1227	714	51	0.999186	1228	0	TRUE	NA	NA	NA	NA	NA
