REGION	POS	REF	ALT	REF_DP	REF_RV	REF_QUAL	ALT_DP	ALT_RV	ALT_QUAL	ALT_FREQ	TOTAL_DP	PVAL	PASS	GFF_FEATURE	REF_CODON	REF_AA	ALT_CODON	ALT_AA
MN908947.3	204	G	T	6	0	63	1796	30	68	0.99667	1802	0	TRUE	NA	NA	NA	NA	NA
MN908947.3	241	C	T	0	0	0	1803	63	72	1	1803	0	TRUE	NA	NA	NA	NA	NA
MN908947.3	445	T	C	6	0	37	843	1	37	0.992933	849	0	TRUE	NA	NA	NA	NA	NA
MN908947.3	1779	C	T	54	2	68	65	1	70	0.546218	119	7.31547e-37	TRUE	NA	NA	NA	NA	NA
MN908947.3	3037	C	T	0	0	0	501	93	68	1	501	0	TRUE	NA	NA	NA	NA	NA
MN908947.3	4454	G	T	5	0	75	1470	53	69	0.99661	1475	0	TRUE	NA	NA	NA	NA	NA
MN908947.3	6286	C	T	5	0	38	898	11	41	0.994463	903	0	TRUE	NA	NA	NA	NA	NA
MN908947.3	14408	C	T	0	0	0	222	18	70	1	222	5.55872e-177	TRUE	NA	NA	NA	NA	NA
MN908947.3	15480	C	T	3	3	39	426	425	38	0.993007	429	3.27676e-251	TRUE	NA	NA	NA	NA	NA
MN908947.3	21255	G	C	8	1	71	1536	63	73	0.994819	1544	0	TRUE	NA	NA	NA	NA	NA
MN908947.3	21614	C	T	2	2	39	255	178	39	0.992218	257	2.29188e-150	TRUE	NA	NA	NA	NA	NA
MN908947.3	22227	C	T	2	2	39	727	554	42	0.997257	729	0	TRUE	NA	NA	NA	NA	NA
MN908947.3	23403	A	G	0	0	0	1372	1372	38	1	1372	0	TRUE	NA	NA	NA	NA	NA
MN908947.3	26801	C	G	3	3	37	661	659	38	0.995482	664	0	TRUE	NA	NA	NA	NA	NA
MN908947.3	27944	C	T	0	0	0	946	65	71	1	946	0	TRUE	NA	NA	NA	NA	NA
MN908947.3	28932	C	T	1	1	39	867	863	38	0.998848	868	0	TRUE	NA	NA	NA	NA	NA
MN908947.3	29645	G	T	3	3	39	1839	1257	49	0.998371	1842	0	TRUE	NA	NA	NA	NA	NA
