REGION	POS	REF	ALT	REF_DP	REF_RV	REF_QUAL	ALT_DP	ALT_RV	ALT_QUAL	ALT_FREQ	TOTAL_DP	PVAL	PASS	GFF_FEATURE	REF_CODON	REF_AA	ALT_CODON	ALT_AA
MN908947.3	3037	C	T	0	0	0	135	48	59	1	135	5.24274e-99	TRUE	NA	NA	NA	NA	NA
MN908947.3	4109	G	A	2	1	36	611	219	38	0.993496	615	0	TRUE	NA	NA	NA	NA	NA
MN908947.3	8090	C	T	0	0	0	818	39	40	1	818	0	TRUE	NA	NA	NA	NA	NA
MN908947.3	14408	C	T	0	0	0	158	21	66	1	158	1.06646e-123	TRUE	NA	NA	NA	NA	NA
MN908947.3	23403	A	G	0	0	0	308	294	40	1	308	4.22312e-189	TRUE	NA	NA	NA	NA	NA
MN908947.3	25456	G	T	0	0	0	275	41	58	1	275	1.79491e-205	TRUE	NA	NA	NA	NA	NA
MN908947.3	28881	G	A	0	0	0	169	32	63	1	169	4.4588e-130	TRUE	NA	NA	NA	NA	NA
MN908947.3	28882	G	A	0	0	0	168	31	63	1	168	7.62481e-130	TRUE	NA	NA	NA	NA	NA
MN908947.3	28883	G	C	0	0	0	169	32	63	1	169	2.81352e-130	TRUE	NA	NA	NA	NA	NA
