REGION	POS	REF	ALT	REF_DP	REF_RV	REF_QUAL	ALT_DP	ALT_RV	ALT_QUAL	ALT_FREQ	TOTAL_DP	PVAL	PASS	GFF_FEATURE	REF_CODON	REF_AA	ALT_CODON	ALT_AA
MN908947.3	241	C	T	0	0	0	1186	87	70	1	1186	0	TRUE	NA	NA	NA	NA	NA
MN908947.3	2416	C	T	0	0	0	62	10	69	1	62	1.5024e-48	TRUE	NA	NA	NA	NA	NA
MN908947.3	3037	C	T	0	0	0	165	26	66	1	165	3.83576e-128	TRUE	NA	NA	NA	NA	NA
MN908947.3	14408	C	T	0	0	0	99	24	64	1	99	1.74364e-75	TRUE	NA	NA	NA	NA	NA
MN908947.3	14786	C	T	0	0	0	450	40	69	1	450	0	TRUE	NA	NA	NA	NA	NA
MN908947.3	17007	T	C	273	268	38	249	248	38	0.477011	522	4.62812e-93	TRUE	NA	NA	NA	NA	NA
MN908947.3	20578	G	T	0	0	0	313	5	38	0.996815	314	1.12653e-187	TRUE	NA	NA	NA	NA	NA
MN908947.3	23403	A	G	0	0	0	318	310	38	1	318	1.10887e-190	TRUE	NA	NA	NA	NA	NA
MN908947.3	25563	G	T	0	0	0	288	264	37	1	288	3.05756e-173	TRUE	NA	NA	NA	NA	NA
