REGION	POS	REF	ALT	REF_DP	REF_RV	REF_QUAL	ALT_DP	ALT_RV	ALT_QUAL	ALT_FREQ	TOTAL_DP	PVAL	PASS	GFF_FEATURE	REF_CODON	REF_AA	ALT_CODON	ALT_AA
MN908947.3	204	G	T	1	0	26	8736	477	68	0.999771	8738	0	TRUE	NA	NA	NA	NA	NA
MN908947.3	241	C	T	0	0	0	8767	602	69	1	8767	0	TRUE	NA	NA	NA	NA	NA
MN908947.3	445	T	C	0	0	0	13225	25	37	0.999924	13226	0	TRUE	NA	NA	NA	NA	NA
MN908947.3	3037	C	T	1	0	74	3668	397	71	0.999455	3670	0	TRUE	NA	NA	NA	NA	NA
MN908947.3	6286	C	T	0	0	0	493	5	40	1	493	9.43172e-303	TRUE	NA	NA	NA	NA	NA
MN908947.3	11533	A	G	1	0	77	6087	335	71	0.999672	6089	0	TRUE	NA	NA	NA	NA	NA
MN908947.3	12007	A	G	1	1	37	6017	454	69	0.999834	6018	0	TRUE	NA	NA	NA	NA	NA
MN908947.3	14408	C	T	1	0	72	11958	383	74	0.999916	11959	0	TRUE	NA	NA	NA	NA	NA
MN908947.3	21255	G	C	0	0	0	908	51	72	1	908	0	TRUE	NA	NA	NA	NA	NA
MN908947.3	21614	C	T	0	0	0	289	282	39	1	289	1.93736e-174	TRUE	NA	NA	NA	NA	NA
MN908947.3	22227	C	T	0	0	0	419	405	39	1	419	6.95487e-256	TRUE	NA	NA	NA	NA	NA
MN908947.3	23403	A	G	0	0	0	3870	3788	38	1	3870	0	TRUE	NA	NA	NA	NA	NA
MN908947.3	24130	C	T	0	0	0	934	143	38	1	934	0	TRUE	NA	NA	NA	NA	NA
MN908947.3	24334	C	T	0	0	0	895	821	39	1	895	0	TRUE	NA	NA	NA	NA	NA
MN908947.3	26424	T	C	1	0	37	1146	35	72	0.999128	1147	0	TRUE	NA	NA	NA	NA	NA
MN908947.3	26801	C	G	0	0	0	690	688	38	1	690	0	TRUE	NA	NA	NA	NA	NA
MN908947.3	26895	C	T	4	0	39	6728	4	38	0.999406	6732	0	TRUE	NA	NA	NA	NA	NA
MN908947.3	27944	C	T	1	0	78	3791	132	73	0.999736	3792	0	TRUE	NA	NA	NA	NA	NA
MN908947.3	28932	C	T	1	1	39	5188	5169	38	0.999615	5190	0	TRUE	NA	NA	NA	NA	NA
MN908947.3	29035	T	G	2125	1748	38	3420	3420	38	0.616438	5548	0	TRUE	NA	NA	NA	NA	NA
MN908947.3	29274	C	T	0	0	0	382	378	38	1	382	2.89324e-231	TRUE	NA	NA	NA	NA	NA
MN908947.3	29645	G	T	1	1	39	3790	789	65	0.999736	3791	0	TRUE	NA	NA	NA	NA	NA
