REGION	POS	REF	ALT	REF_DP	REF_RV	REF_QUAL	ALT_DP	ALT_RV	ALT_QUAL	ALT_FREQ	TOTAL_DP	PVAL	PASS	GFF_FEATURE	REF_CODON	REF_AA	ALT_CODON	ALT_AA
MN908947.3	66	C	T	5	4	38	3601	2287	37	0.998613	3606	0	TRUE	NA	NA	NA	NA	NA
MN908947.3	241	C	T	1	0	76	1305	86	70	0.999234	1306	0	TRUE	NA	NA	NA	NA	NA
MN908947.3	445	T	C	0	0	0	899	16	37	1	899	0	TRUE	NA	NA	NA	NA	NA
MN908947.3	1987	A	G	1	0	39	2455	8	38	0.998779	2458	0	TRUE	NA	NA	NA	NA	NA
MN908947.3	3037	C	T	0	0	0	189	38	65	1	189	1.65826e-146	TRUE	NA	NA	NA	NA	NA
MN908947.3	3176	C	T	0	0	0	338	174	38	1	338	3.32144e-204	TRUE	NA	NA	NA	NA	NA
MN908947.3	5239	C	T	7	5	37	277	277	38	0.97193	285	7.06369e-158	TRUE	NA	NA	NA	NA	NA
MN908947.3	6286	C	T	0	0	0	692	9	40	1	692	0	TRUE	NA	NA	NA	NA	NA
MN908947.3	10870	G	T	0	0	0	170	14	70	1	170	4.04418e-136	TRUE	NA	NA	NA	NA	NA
MN908947.3	11781	A	G	0	0	0	269	21	65	1	269	4.55874e-208	TRUE	NA	NA	NA	NA	NA
MN908947.3	14408	C	T	0	0	0	103	10	70	1	103	4.14726e-82	TRUE	NA	NA	NA	NA	NA
MN908947.3	17766	C	T	0	0	0	170	0	38	1	170	2.60414e-102	TRUE	NA	NA	NA	NA	NA
MN908947.3	21255	G	C	0	0	0	2142	90	72	0.998601	2145	0	TRUE	NA	NA	NA	NA	NA
MN908947.3	22227	C	T	1	1	39	205	172	44	0.995146	206	1.52055e-129	TRUE	NA	NA	NA	NA	NA
MN908947.3	23403	A	G	0	0	0	285	282	38	1	285	9.78462e-172	TRUE	NA	NA	NA	NA	NA
MN908947.3	25614	C	T	0	0	0	446	409	38	1	446	7.16692e-269	TRUE	NA	NA	NA	NA	NA
MN908947.3	26801	C	G	0	0	0	404	397	38	1	404	4.30824e-245	TRUE	NA	NA	NA	NA	NA
MN908947.3	27944	C	T	0	0	0	239	21	69	1	239	3.87384e-190	TRUE	NA	NA	NA	NA	NA
MN908947.3	28932	C	T	0	0	0	457	449	38	1	457	1.7292e-275	TRUE	NA	NA	NA	NA	NA
MN908947.3	29645	G	T	0	0	0	468	252	51	1	468	0	TRUE	NA	NA	NA	NA	NA
