REGION	POS	REF	ALT	REF_DP	REF_RV	REF_QUAL	ALT_DP	ALT_RV	ALT_QUAL	ALT_FREQ	TOTAL_DP	PVAL	PASS	GFF_FEATURE	REF_CODON	REF_AA	ALT_CODON	ALT_AA
MN908947.3	100	C	T	0	0	0	5748	15	38	1	5748	0	TRUE	NA	NA	NA	NA	NA
MN908947.3	241	C	T	2	0	76	5741	174	72	0.999652	5743	0	TRUE	NA	NA	NA	NA	NA
MN908947.3	3037	C	T	2	0	74	5520	493	72	0.999638	5522	0	TRUE	NA	NA	NA	NA	NA
MN908947.3	3340	G	T	0	0	0	4086	147	74	0.999511	4088	0	TRUE	NA	NA	NA	NA	NA
MN908947.3	10667	T	G	6	2	35	2047	2026	38	0.996592	2054	0	TRUE	NA	NA	NA	NA	NA
MN908947.3	11335	G	T	1	0	39	11552	3247	38	0.999827	11554	0	TRUE	NA	NA	NA	NA	NA
MN908947.3	11824	C	T	0	0	0	3354	3130	38	0.999702	3355	0	TRUE	NA	NA	NA	NA	NA
MN908947.3	12053	C	T	1	0	47	6109	399	72	0.999673	6111	0	TRUE	NA	NA	NA	NA	NA
MN908947.3	12076	C	T	0	0	0	6119	417	73	0.999837	6120	0	TRUE	NA	NA	NA	NA	NA
MN908947.3	12964	A	G	1	1	39	2609	2424	40	0.999617	2610	0	TRUE	NA	NA	NA	NA	NA
MN908947.3	14408	C	T	1	0	39	3700	181	74	0.99946	3702	0	TRUE	NA	NA	NA	NA	NA
MN908947.3	23012	G	A	2	1	38	2400	100	73	0.999167	2402	0	TRUE	NA	NA	NA	NA	NA
MN908947.3	23403	A	G	2	2	39	4916	4849	38	0.99939	4919	0	TRUE	NA	NA	NA	NA	NA
MN908947.3	25088	G	T	0	0	0	2143	18	38	1	2143	0	TRUE	NA	NA	NA	NA	NA
MN908947.3	28253	C	T	23	2	69	2619	117	71	0.991294	2642	0	TRUE	NA	NA	NA	NA	NA
MN908947.3	28628	G	T	0	0	0	1801	138	68	0.999445	1802	0	TRUE	NA	NA	NA	NA	NA
MN908947.3	28881	G	A	0	0	0	554	152	58	1	554	0	TRUE	NA	NA	NA	NA	NA
MN908947.3	28882	G	A	0	0	0	556	152	56	1	556	0	TRUE	NA	NA	NA	NA	NA
MN908947.3	28883	G	C	0	0	0	557	152	57	1	557	0	TRUE	NA	NA	NA	NA	NA
MN908947.3	28975	G	T	0	0	0	478	463	38	1	478	1.30226e-289	TRUE	NA	NA	NA	NA	NA
MN908947.3	29754	C	T	0	0	0	821	813	38	1	821	0	TRUE	NA	NA	NA	NA	NA
