REGION	POS	REF	ALT	REF_DP	REF_RV	REF_QUAL	ALT_DP	ALT_RV	ALT_QUAL	ALT_FREQ	TOTAL_DP	PVAL	PASS	GFF_FEATURE	REF_CODON	REF_AA	ALT_CODON	ALT_AA
MN908947.3	204	G	T	0	0	0	3376	125	69	0.999408	3378	0	TRUE	NA	NA	NA	NA	NA
MN908947.3	241	C	T	1	0	37	3386	174	70	0.999705	3387	0	TRUE	NA	NA	NA	NA	NA
MN908947.3	445	T	C	0	0	0	5901	14	37	0.999831	5902	0	TRUE	NA	NA	NA	NA	NA
MN908947.3	1758	C	T	0	0	0	3122	125	72	0.99968	3123	0	TRUE	NA	NA	NA	NA	NA
MN908947.3	3037	C	T	0	0	0	4367	560	70	0.999771	4368	0	TRUE	NA	NA	NA	NA	NA
MN908947.3	5575	C	T	2	2	38	5668	5659	38	0.999295	5672	0	TRUE	NA	NA	NA	NA	NA
MN908947.3	6286	C	T	0	0	0	3382	39	40	1	3382	0	TRUE	NA	NA	NA	NA	NA
MN908947.3	7042	G	T	4	4	38	1585	1539	38	0.997483	1589	0	TRUE	NA	NA	NA	NA	NA
MN908947.3	11518	C	T	3	0	78	6876	369	72	0.999564	6879	0	TRUE	NA	NA	NA	NA	NA
MN908947.3	11962	C	T	2	0	29	5474	86	38	0.999452	5477	0	TRUE	NA	NA	NA	NA	NA
MN908947.3	14408	C	T	0	0	0	5114	236	73	1	5114	0	TRUE	NA	NA	NA	NA	NA
MN908947.3	15753	A	G	1	1	39	4759	4690	39	0.99979	4760	0	TRUE	NA	NA	NA	NA	NA
MN908947.3	19655	A	G	0	0	0	1943	37	39	1	1943	0	TRUE	NA	NA	NA	NA	NA
MN908947.3	21255	G	C	0	0	0	5182	376	71	1	5182	0	TRUE	NA	NA	NA	NA	NA
MN908947.3	21614	C	T	0	0	0	1966	1497	40	1	1966	0	TRUE	NA	NA	NA	NA	NA
MN908947.3	22227	C	T	0	0	0	2949	2859	39	1	2949	0	TRUE	NA	NA	NA	NA	NA
MN908947.3	23403	A	G	0	0	0	3888	3829	39	1	3888	0	TRUE	NA	NA	NA	NA	NA
MN908947.3	23611	G	A	0	0	0	2573	88	70	1	2573	0	TRUE	NA	NA	NA	NA	NA
MN908947.3	24767	C	T	4	0	34	3567	13	38	0.9986	3572	0	TRUE	NA	NA	NA	NA	NA
MN908947.3	26801	C	G	0	0	0	4066	4055	38	0.999508	4068	0	TRUE	NA	NA	NA	NA	NA
MN908947.3	27182	T	C	4	1	37	11888	6089	38	0.999244	11897	0	TRUE	NA	NA	NA	NA	NA
MN908947.3	27944	C	T	0	0	0	2945	115	73	1	2945	0	TRUE	NA	NA	NA	NA	NA
MN908947.3	28932	C	T	0	0	0	3074	3059	38	0.999675	3075	0	TRUE	NA	NA	NA	NA	NA
MN908947.3	29645	G	T	0	0	0	6448	2499	58	0.999845	6449	0	TRUE	NA	NA	NA	NA	NA
