REGION	POS	REF	ALT	REF_DP	REF_RV	REF_QUAL	ALT_DP	ALT_RV	ALT_QUAL	ALT_FREQ	TOTAL_DP	PVAL	PASS	GFF_FEATURE	REF_CODON	REF_AA	ALT_CODON	ALT_AA
MN908947.3	204	G	T	0	0	0	1458	107	66	0.999315	1459	0	TRUE	NA	NA	NA	NA	NA
MN908947.3	241	C	T	0	0	0	1473	160	69	1	1473	0	TRUE	NA	NA	NA	NA	NA
MN908947.3	445	T	C	0	0	0	806	6	37	1	806	0	TRUE	NA	NA	NA	NA	NA
MN908947.3	3037	C	T	0	0	0	128	25	60	1	128	2.68155e-95	TRUE	NA	NA	NA	NA	NA
MN908947.3	6286	C	T	1	0	37	1781	19	39	0.999439	1782	0	TRUE	NA	NA	NA	NA	NA
MN908947.3	11533	A	G	0	0	0	1423	109	67	0.999298	1424	0	TRUE	NA	NA	NA	NA	NA
MN908947.3	12007	A	G	0	0	0	507	171	59	1	507	0	TRUE	NA	NA	NA	NA	NA
MN908947.3	14408	C	T	0	0	0	97	19	60	1	97	9.75461e-72	TRUE	NA	NA	NA	NA	NA
MN908947.3	21255	G	C	0	0	0	1332	71	70	1	1332	0	TRUE	NA	NA	NA	NA	NA
MN908947.3	21614	C	T	0	0	0	158	129	39	1	158	2.12733e-95	TRUE	NA	NA	NA	NA	NA
MN908947.3	22227	C	T	0	0	0	351	332	39	1	351	2.18864e-214	TRUE	NA	NA	NA	NA	NA
MN908947.3	23403	A	G	0	0	0	386	381	38	1	386	1.40234e-231	TRUE	NA	NA	NA	NA	NA
MN908947.3	24334	C	T	0	0	0	40	36	40	1	40	2.41155e-24	TRUE	NA	NA	NA	NA	NA
MN908947.3	26424	T	C	1	1	38	1318	165	69	0.999242	1319	0	TRUE	NA	NA	NA	NA	NA
MN908947.3	26895	C	T	11	2	38	2921	34	38	0.996248	2932	0	TRUE	NA	NA	NA	NA	NA
MN908947.3	27944	C	T	0	0	0	153	27	65	1	153	5.68351e-118	TRUE	NA	NA	NA	NA	NA
MN908947.3	28932	C	T	1	1	39	579	575	38	0.998276	580	0	TRUE	NA	NA	NA	NA	NA
MN908947.3	29274	C	T	0	0	0	1014	1003	38	0.999015	1015	0	TRUE	NA	NA	NA	NA	NA
MN908947.3	29645	G	T	0	0	0	444	335	44	1	444	9.25654e-288	TRUE	NA	NA	NA	NA	NA
