REGION	POS	REF	ALT	REF_DP	REF_RV	REF_QUAL	ALT_DP	ALT_RV	ALT_QUAL	ALT_FREQ	TOTAL_DP	PVAL	PASS	GFF_FEATURE	REF_CODON	REF_AA	ALT_CODON	ALT_AA
MN908947.3	241	C	T	1	0	71	2286	97	72	0.999126	2288	0	TRUE	NA	NA	NA	NA	NA
MN908947.3	556	C	T	1	0	71	1926	138	68	0.999481	1927	0	TRUE	NA	NA	NA	NA	NA
MN908947.3	3037	C	T	0	0	0	541	95	68	1	541	0	TRUE	NA	NA	NA	NA	NA
MN908947.3	4543	C	T	1	0	77	1959	168	72	0.99949	1960	0	TRUE	NA	NA	NA	NA	NA
MN908947.3	5629	G	T	0	0	0	405	16	39	1	405	1.31124e-243	TRUE	NA	NA	NA	NA	NA
MN908947.3	9526	G	T	3	1	39	2599	560	38	0.998847	2602	0	TRUE	NA	NA	NA	NA	NA
MN908947.3	11497	C	T	0	0	0	3654	60	74	0.99918	3657	0	TRUE	NA	NA	NA	NA	NA
MN908947.3	13993	G	T	0	0	0	4524	19	38	0.999779	4525	0	TRUE	NA	NA	NA	NA	NA
MN908947.3	14408	C	T	0	0	0	274	17	72	1	274	2.62627e-222	TRUE	NA	NA	NA	NA	NA
MN908947.3	15766	G	T	0	0	0	2060	2049	38	0.999515	2061	0	TRUE	NA	NA	NA	NA	NA
MN908947.3	16889	A	G	1	0	39	1922	9	40	0.99896	1924	0	TRUE	NA	NA	NA	NA	NA
MN908947.3	17019	G	T	0	0	0	1876	1842	38	1	1876	0	TRUE	NA	NA	NA	NA	NA
MN908947.3	17586	C	T	0	0	0	2390	237	71	1	2390	0	TRUE	NA	NA	NA	NA	NA
MN908947.3	18377	C	T	1	0	35	1647	6	38	0.999393	1648	0	TRUE	NA	NA	NA	NA	NA
MN908947.3	18877	C	T	2	1	38	1044	1031	39	0.998088	1046	0	TRUE	NA	NA	NA	NA	NA
MN908947.3	22992	G	A	0	0	0	1582	36	72	0.999368	1583	0	TRUE	NA	NA	NA	NA	NA
MN908947.3	23403	A	G	0	0	0	400	392	38	1	400	3.36529e-241	TRUE	NA	NA	NA	NA	NA
MN908947.3	23525	C	T	0	0	0	385	14	38	1	385	1.12042e-230	TRUE	NA	NA	NA	NA	NA
MN908947.3	24223	C	T	0	0	0	95	16	67	1	95	1.46282e-73	TRUE	NA	NA	NA	NA	NA
MN908947.3	25563	G	T	0	0	0	593	555	37	1	593	0	TRUE	NA	NA	NA	NA	NA
MN908947.3	25710	C	T	0	0	0	606	7	39	0.998353	607	0	TRUE	NA	NA	NA	NA	NA
MN908947.3	26735	C	T	0	0	0	872	48	73	0.998855	873	0	TRUE	NA	NA	NA	NA	NA
MN908947.3	26876	T	C	0	0	0	2967	1050	38	0.999663	2968	0	TRUE	NA	NA	NA	NA	NA
MN908947.3	28975	G	C	0	0	0	553	548	38	1	553	0	TRUE	NA	NA	NA	NA	NA
MN908947.3	29399	G	A	0	0	0	86	3	38	1	86	5.49954e-51	TRUE	NA	NA	NA	NA	NA
MN908947.3	29746	A	-GTACGATCGAGT	471	470	38	472	0	20	0.997886	473	6.33605e-100	TRUE	NA	NA	NA	NA	NA
