REGION	POS	REF	ALT	REF_DP	REF_RV	REF_QUAL	ALT_DP	ALT_RV	ALT_QUAL	ALT_FREQ	TOTAL_DP	PVAL	PASS	GFF_FEATURE	REF_CODON	REF_AA	ALT_CODON	ALT_AA
MN908947.3	241	C	T	0	0	0	538	47	64	1	538	0	TRUE	NA	NA	NA	NA	NA
MN908947.3	1363	T	A	3	1	62	1162	254	62	0.996569	1166	0	TRUE	NA	NA	NA	NA	NA
MN908947.3	3037	C	T	1	0	76	1225	134	63	0.999184	1226	0	TRUE	NA	NA	NA	NA	NA
MN908947.3	7767	T	C	0	0	0	1164	177	59	1	1164	0	TRUE	NA	NA	NA	NA	NA
MN908947.3	8047	C	T	0	0	0	1622	361	58	1	1622	0	TRUE	NA	NA	NA	NA	NA
MN908947.3	10645	C	T	1	1	36	1702	163	66	0.999413	1703	0	TRUE	NA	NA	NA	NA	NA
MN908947.3	11557	G	T	0	0	0	2577	345	64	0.999612	2578	0	TRUE	NA	NA	NA	NA	NA
MN908947.3	12988	G	T	0	0	0	4436	613	66	0.999549	4438	0	TRUE	NA	NA	NA	NA	NA
MN908947.3	14408	C	T	0	0	0	453	55	64	1	453	0	TRUE	NA	NA	NA	NA	NA
MN908947.3	15598	G	A	0	0	0	2356	494	58	1	2356	0	TRUE	NA	NA	NA	NA	NA
MN908947.3	17104	C	T	1	1	36	2657	671	55	0.999624	2658	0	TRUE	NA	NA	NA	NA	NA
MN908947.3	17740	C	T	4	2	50	1285	214	60	0.996897	1289	0	TRUE	NA	NA	NA	NA	NA
MN908947.3	18028	G	T	2	0	73	1403	289	60	0.995035	1410	0	TRUE	NA	NA	NA	NA	NA
MN908947.3	20268	A	G	0	0	0	744	140	58	1	744	0	TRUE	NA	NA	NA	NA	NA
MN908947.3	20451	C	T	0	0	0	740	99	65	1	740	0	TRUE	NA	NA	NA	NA	NA
MN908947.3	21764	A	-TACATG	406	101	54	556	0	20	0.928214	599	6.96856e-147	TRUE	NA	NA	NA	NA	NA
MN908947.3	22879	C	A	0	0	0	613	114	60	1	613	0	TRUE	NA	NA	NA	NA	NA
MN908947.3	23403	A	G	0	0	0	1192	212	62	1	1192	0	TRUE	NA	NA	NA	NA	NA
MN908947.3	24910	T	C	3	1	48	842	151	62	0.99645	845	0	TRUE	NA	NA	NA	NA	NA
MN908947.3	25606	G	T	0	0	0	734	141	62	1	734	0	TRUE	NA	NA	NA	NA	NA
MN908947.3	26313	C	T	0	0	0	695	170	59	0.998563	696	0	TRUE	NA	NA	NA	NA	NA
MN908947.3	26972	T	C	0	0	0	1288	238	61	1	1288	0	TRUE	NA	NA	NA	NA	NA
MN908947.3	27800	C	A	0	0	0	2164	316	65	1	2164	0	TRUE	NA	NA	NA	NA	NA
MN908947.3	29734	G	C	1	0	76	1065	243	62	0.99162	1074	0	TRUE	NA	NA	NA	NA	NA
