REGION	POS	REF	ALT	REF_DP	REF_RV	REF_QUAL	ALT_DP	ALT_RV	ALT_QUAL	ALT_FREQ	TOTAL_DP	PVAL	PASS	GFF_FEATURE	REF_CODON	REF_AA	ALT_CODON	ALT_AA
MN908947.3	100	C	T	11	3	47	13822	2002	57	0.99906	13835	0	TRUE	NA	NA	NA	NA	NA
MN908947.3	241	C	T	6	1	61	13906	1661	60	0.999425	13914	0	TRUE	NA	NA	NA	NA	NA
MN908947.3	3037	C	T	6	1	58	8562	677	63	0.999067	8570	0	TRUE	NA	NA	NA	NA	NA
MN908947.3	3340	G	T	10	3	51	12664	1930	63	0.998581	12682	0	TRUE	NA	NA	NA	NA	NA
MN908947.3	10667	T	G	2	0	54	3994	394	63	0.999499	3996	0	TRUE	NA	NA	NA	NA	NA
MN908947.3	11335	G	T	2	1	32	9413	2275	55	0.998727	9425	0	TRUE	NA	NA	NA	NA	NA
MN908947.3	11824	C	T	11	1	63	15288	1791	64	0.99902	15303	0	TRUE	NA	NA	NA	NA	NA
MN908947.3	12053	C	T	21	3	60	15988	2687	60	0.998376	16014	0	TRUE	NA	NA	NA	NA	NA
MN908947.3	12076	C	T	14	2	63	16957	3056	61	0.998881	16976	0	TRUE	NA	NA	NA	NA	NA
MN908947.3	12964	A	G	29	4	61	47580	7504	64	0.999118	47622	0	TRUE	NA	NA	NA	NA	NA
MN908947.3	14408	C	T	5	0	71	2564	370	61	0.997665	2570	0	TRUE	NA	NA	NA	NA	NA
MN908947.3	23012	G	A	3	0	45	5387	597	63	0.998702	5394	0	TRUE	NA	NA	NA	NA	NA
MN908947.3	23403	A	G	16	0	64	6772	1287	62	0.996909	6793	0	TRUE	NA	NA	NA	NA	NA
MN908947.3	25088	G	T	4	1	63	1731	343	58	0.99712	1736	0	TRUE	NA	NA	NA	NA	NA
MN908947.3	28253	C	T	5	1	48	6358	861	61	0.9989	6365	0	TRUE	NA	NA	NA	NA	NA
MN908947.3	28628	G	T	2	1	32	10259	1924	60	0.999123	10268	0	TRUE	NA	NA	NA	NA	NA
MN908947.3	28881	G	A	30	8	52	12818	2034	59	0.997199	12854	0	TRUE	NA	NA	NA	NA	NA
MN908947.3	28882	G	A	40	6	61	12813	2034	59	0.996268	12861	0	TRUE	NA	NA	NA	NA	NA
MN908947.3	28883	G	C	7	0	60	12887	2075	60	0.998605	12905	0	TRUE	NA	NA	NA	NA	NA
MN908947.3	28975	G	T	0	0	0	14973	2380	61	0.999599	14979	0	TRUE	NA	NA	NA	NA	NA
MN908947.3	29754	C	T	79	28	54	3336	653	65	0.975153	3421	0	TRUE	NA	NA	NA	NA	NA
