REGION	POS	REF	ALT	REF_DP	REF_RV	REF_QUAL	ALT_DP	ALT_RV	ALT_QUAL	ALT_FREQ	TOTAL_DP	PVAL	PASS	GFF_FEATURE	REF_CODON	REF_AA	ALT_CODON	ALT_AA
MN908947.3	5986	C	T	1	0	33	217	1	38	0.995413	218	6.4337e-128	TRUE	NA	NA	NA	NA	NA
MN908947.3	8603	T	C	0	0	0	523	523	38	1	523	0	TRUE	NA	NA	NA	NA	NA
MN908947.3	14408	C	T	0	0	0	579	290	38	1	579	0	TRUE	NA	NA	NA	NA	NA
MN908947.3	14676	C	T	1	0	38	563	14	38	0.998227	564	0	TRUE	NA	NA	NA	NA	NA
MN908947.3	16176	T	C	0	0	0	633	8	37	1	633	0	TRUE	NA	NA	NA	NA	NA
MN908947.3	21764	A	-TACATG	302	2	38	304	0	20	0.996721	305	3.25319e-64	TRUE	NA	NA	NA	NA	NA
MN908947.3	21990	T	-TTA	296	295	38	296	0	20	0.983389	301	7.05757e-63	TRUE	NA	NA	NA	NA	NA
MN908947.3	22809	G	-A	79	79	38	78	0	20	0.975	80	1.93263e-18	TRUE	NA	NA	NA	NA	NA
MN908947.3	22813	G	T	0	0	0	78	78	38	1	78	8.63707e-47	TRUE	NA	NA	NA	NA	NA
MN908947.3	23271	C	A	0	0	0	431	8	38	1	431	4.87309e-261	TRUE	NA	NA	NA	NA	NA
MN908947.3	23403	A	G	0	0	0	492	443	38	1	492	4.81041e-295	TRUE	NA	NA	NA	NA	NA
