REGION	POS	REF	ALT	REF_DP	REF_RV	REF_QUAL	ALT_DP	ALT_RV	ALT_QUAL	ALT_FREQ	TOTAL_DP	PVAL	PASS	GFF_FEATURE	REF_CODON	REF_AA	ALT_CODON	ALT_AA
MN908947.3	174	G	T	0	0	0	4300	139	69	1	4300	0	TRUE	NA	NA	NA	NA	NA
MN908947.3	241	C	T	1	0	77	4296	212	71	0.999767	4297	0	TRUE	NA	NA	NA	NA	NA
MN908947.3	1059	C	T	0	0	0	2971	11	39	1	2971	0	TRUE	NA	NA	NA	NA	NA
MN908947.3	2692	A	T	0	0	0	617	21	74	1	617	0	TRUE	NA	NA	NA	NA	NA
MN908947.3	3037	C	T	1	1	38	2947	301	72	0.999661	2948	0	TRUE	NA	NA	NA	NA	NA
MN908947.3	4202	C	T	0	0	0	2525	104	72	0.999604	2526	0	TRUE	NA	NA	NA	NA	NA
MN908947.3	5230	G	T	110	59	38	351	346	37	0.761388	461	1.38346e-157	TRUE	NA	NA	NA	NA	NA
MN908947.3	6106	T	C	0	0	0	722	43	73	1	722	0	TRUE	NA	NA	NA	NA	NA
MN908947.3	9344	C	T	0	0	0	3603	166	73	1	3603	0	TRUE	NA	NA	NA	NA	NA
MN908947.3	10323	A	G	0	0	0	5257	459	71	1	5257	0	TRUE	NA	NA	NA	NA	NA
MN908947.3	11287	G	-TCTGGTTTT	2555	2543	38	2560	0	20	0.996885	2568	0	TRUE	NA	NA	NA	NA	NA
MN908947.3	11750	C	T	1229	65	70	923	62	70	0.428903	2152	0	TRUE	NA	NA	NA	NA	NA
MN908947.3	14408	C	T	1	0	74	4419	135	74	0.999774	4420	0	TRUE	NA	NA	NA	NA	NA
MN908947.3	16393	C	T	1	1	39	3276	3142	39	0.999695	3277	0	TRUE	NA	NA	NA	NA	NA
MN908947.3	21801	A	C	0	0	0	347	14	73	1	347	1.93857e-280	TRUE	NA	NA	NA	NA	NA
MN908947.3	22206	A	G	0	0	0	973	57	70	1	973	0	TRUE	NA	NA	NA	NA	NA
MN908947.3	22280	A	-CTTTACTTG	955	953	38	964	0	20	0.996898	967	1.38807e-202	TRUE	NA	NA	NA	NA	NA
MN908947.3	22813	G	T	0	0	0	1157	1156	38	0.999136	1158	0	TRUE	NA	NA	NA	NA	NA
MN908947.3	23403	A	G	0	0	0	2164	2154	38	0.999538	2165	0	TRUE	NA	NA	NA	NA	NA
MN908947.3	23664	C	T	0	0	0	1637	686	56	1	1637	0	TRUE	NA	NA	NA	NA	NA
MN908947.3	25563	G	T	0	0	0	3895	3820	38	0.999487	3897	0	TRUE	NA	NA	NA	NA	NA
MN908947.3	25904	C	T	3	2	39	1212	1210	38	0.997531	1215	0	TRUE	NA	NA	NA	NA	NA
MN908947.3	26456	C	T	0	0	0	2301	2264	39	1	2301	0	TRUE	NA	NA	NA	NA	NA
MN908947.3	27193	T	C	77	76	38	7551	5286	37	0.989776	7629	0	TRUE	NA	NA	NA	NA	NA
MN908947.3	28253	C	T	5	1	68	6021	124	72	0.99917	6026	0	TRUE	NA	NA	NA	NA	NA
MN908947.3	28887	C	T	0	0	0	533	53	69	1	533	0	TRUE	NA	NA	NA	NA	NA
