REGION	POS	REF	ALT	REF_DP	REF_RV	REF_QUAL	ALT_DP	ALT_RV	ALT_QUAL	ALT_FREQ	TOTAL_DP	PVAL	PASS	GFF_FEATURE	REF_CODON	REF_AA	ALT_CODON	ALT_AA
MN908947.3	100	C	T	6	0	62	8461	1206	58	0.998937	8470	0	TRUE	NA	NA	NA	NA	NA
MN908947.3	241	C	T	3	0	73	8802	1049	60	0.999319	8808	0	TRUE	NA	NA	NA	NA	NA
MN908947.3	3037	C	T	4	0	63	5939	493	63	0.999159	5944	0	TRUE	NA	NA	NA	NA	NA
MN908947.3	3340	G	T	2	1	54	9678	1485	63	0.999277	9685	0	TRUE	NA	NA	NA	NA	NA
MN908947.3	10667	T	G	0	0	0	3087	298	63	0.999676	3088	0	TRUE	NA	NA	NA	NA	NA
MN908947.3	11335	G	T	1	1	21	5689	1500	54	0.999122	5694	0	TRUE	NA	NA	NA	NA	NA
MN908947.3	11824	C	T	7	1	45	11712	1351	64	0.999317	11720	0	TRUE	NA	NA	NA	NA	NA
MN908947.3	12053	C	T	17	2	55	12363	2096	60	0.997901	12389	0	TRUE	NA	NA	NA	NA	NA
MN908947.3	12076	C	T	4	3	47	13080	2495	60	0.999465	13087	0	TRUE	NA	NA	NA	NA	NA
MN908947.3	12964	A	G	14	2	62	39083	6478	64	0.999489	39103	0	TRUE	NA	NA	NA	NA	NA
MN908947.3	14408	C	T	5	1	53	1667	230	62	0.99701	1672	0	TRUE	NA	NA	NA	NA	NA
MN908947.3	23012	G	A	1	0	74	3199	382	63	0.999063	3202	0	TRUE	NA	NA	NA	NA	NA
MN908947.3	23403	A	G	11	1	60	4112	738	62	0.99709	4124	0	TRUE	NA	NA	NA	NA	NA
MN908947.3	25088	G	T	1	1	38	1212	244	58	0.997531	1215	0	TRUE	NA	NA	NA	NA	NA
MN908947.3	28253	C	T	5	1	49	4940	667	61	0.998989	4945	0	TRUE	NA	NA	NA	NA	NA
MN908947.3	28628	G	T	2	1	23	8733	1631	60	0.999313	8739	0	TRUE	NA	NA	NA	NA	NA
MN908947.3	28881	G	A	20	6	53	10037	1596	59	0.997714	10060	0	TRUE	NA	NA	NA	NA	NA
MN908947.3	28882	G	A	40	8	52	10007	1575	59	0.995523	10052	0	TRUE	NA	NA	NA	NA	NA
MN908947.3	28883	G	C	5	1	42	10087	1623	60	0.998911	10098	0	TRUE	NA	NA	NA	NA	NA
MN908947.3	28975	G	T	5	2	32	11433	1798	61	0.999213	11442	0	TRUE	NA	NA	NA	NA	NA
MN908947.3	29754	C	T	38	10	57	2103	446	64	0.981335	2143	0	TRUE	NA	NA	NA	NA	NA
