REGION	POS	REF	ALT	REF_DP	REF_RV	REF_QUAL	ALT_DP	ALT_RV	ALT_QUAL	ALT_FREQ	TOTAL_DP	PVAL	PASS	GFF_FEATURE	REF_CODON	REF_AA	ALT_CODON	ALT_AA
MN908947.3	241	C	T	0	0	0	1340	99	70	0.999254	1341	0	TRUE	NA	NA	NA	NA	NA
MN908947.3	408	A	G	15	0	37	1180	14	38	0.987448	1195	0	TRUE	NA	NA	NA	NA	NA
MN908947.3	445	T	C	1	0	38	1174	13	37	0.999149	1175	0	TRUE	NA	NA	NA	NA	NA
MN908947.3	3037	C	T	0	0	0	234	41	64	1	234	2.43232e-179	TRUE	NA	NA	NA	NA	NA
MN908947.3	4331	C	T	1	1	39	2425	760	38	0.999176	2427	0	TRUE	NA	NA	NA	NA	NA
MN908947.3	6286	C	T	0	0	0	965	17	39	1	965	0	TRUE	NA	NA	NA	NA	NA
MN908947.3	13216	T	C	1	0	77	1820	104	69	0.999451	1821	0	TRUE	NA	NA	NA	NA	NA
MN908947.3	14408	C	T	0	0	0	154	24	64	1	154	8.45806e-118	TRUE	NA	NA	NA	NA	NA
MN908947.3	20178	C	T	16	16	38	21	20	38	0.567568	37	8.50141e-09	TRUE	NA	NA	NA	NA	NA
MN908947.3	21255	G	C	0	0	0	3167	130	72	0.999684	3168	0	TRUE	NA	NA	NA	NA	NA
MN908947.3	23403	A	G	0	0	0	116	114	38	1	116	5.53787e-69	TRUE	NA	NA	NA	NA	NA
MN908947.3	26601	C	T	0	0	0	452	7	38	1	452	1.39508e-271	TRUE	NA	NA	NA	NA	NA
MN908947.3	26801	C	G	0	0	0	415	406	38	1	415	2.05703e-251	TRUE	NA	NA	NA	NA	NA
MN908947.3	28932	C	T	0	0	0	362	360	38	1	362	4.81786e-218	TRUE	NA	NA	NA	NA	NA
MN908947.3	29645	G	T	0	0	0	310	78	53	1	310	6.86463e-219	TRUE	NA	NA	NA	NA	NA
MN908947.3	29686	C	T	1	0	39	180	16	65	0.994475	181	1.4405e-136	TRUE	NA	NA	NA	NA	NA
