REGION	POS	REF	ALT	REF_DP	REF_RV	REF_QUAL	ALT_DP	ALT_RV	ALT_QUAL	ALT_FREQ	TOTAL_DP	PVAL	PASS	GFF_FEATURE	REF_CODON	REF_AA	ALT_CODON	ALT_AA
MN908947.3	241	C	T	0	0	0	1121	81	70	1	1121	0	TRUE	NA	NA	NA	NA	NA
MN908947.3	3037	C	T	0	0	0	109	25	62	1	109	5.80882e-82	TRUE	NA	NA	NA	NA	NA
MN908947.3	4543	C	T	0	0	0	1959	145	72	1	1959	0	TRUE	NA	NA	NA	NA	NA
MN908947.3	5629	G	T	0	0	0	259	0	39	1	259	6.65161e-155	TRUE	NA	NA	NA	NA	NA
MN908947.3	9526	G	T	0	0	0	1438	414	38	0.999305	1439	0	TRUE	NA	NA	NA	NA	NA
MN908947.3	11497	C	T	0	0	0	1760	45	73	1	1760	0	TRUE	NA	NA	NA	NA	NA
MN908947.3	13993	G	T	0	0	0	3442	3	38	1	3442	0	TRUE	NA	NA	NA	NA	NA
MN908947.3	14408	C	T	0	0	0	72	7	66	1	72	7.33055e-56	TRUE	NA	NA	NA	NA	NA
MN908947.3	15766	G	T	0	0	0	1690	1684	38	0.998818	1692	0	TRUE	NA	NA	NA	NA	NA
MN908947.3	16889	A	G	0	0	0	908	5	39	1	908	0	TRUE	NA	NA	NA	NA	NA
MN908947.3	17019	G	T	0	0	0	857	853	38	0.998834	858	0	TRUE	NA	NA	NA	NA	NA
MN908947.3	17440	C	T	6	1	37	972	2	37	0.993865	978	0	TRUE	NA	NA	NA	NA	NA
MN908947.3	18395	C	T	0	0	0	2245	4	38	0.999555	2246	0	TRUE	NA	NA	NA	NA	NA
MN908947.3	18877	C	T	0	0	0	993	990	38	1	993	0	TRUE	NA	NA	NA	NA	NA
MN908947.3	22992	G	A	0	0	0	1326	42	71	1	1326	0	TRUE	NA	NA	NA	NA	NA
MN908947.3	23403	A	G	0	0	0	280	278	38	1	280	1.97609e-168	TRUE	NA	NA	NA	NA	NA
MN908947.3	25563	G	T	0	0	0	271	264	37	1	271	1.01571e-162	TRUE	NA	NA	NA	NA	NA
MN908947.3	25710	C	T	2	0	39	2034	7	39	0.999018	2036	0	TRUE	NA	NA	NA	NA	NA
MN908947.3	26735	C	T	0	0	0	255	17	68	1	255	5.70405e-200	TRUE	NA	NA	NA	NA	NA
MN908947.3	26876	T	C	0	0	0	2106	277	38	1	2106	0	TRUE	NA	NA	NA	NA	NA
MN908947.3	28975	G	C	0	0	0	386	384	38	1	386	3.51945e-232	TRUE	NA	NA	NA	NA	NA
MN908947.3	29541	C	T	0	0	0	344	114	38	0.99422	346	6.42986e-207	TRUE	NA	NA	NA	NA	NA
MN908947.3	29670	C	T	0	0	0	124	8	69	1	124	5.37168e-98	TRUE	NA	NA	NA	NA	NA
