REGION	POS	REF	ALT	REF_DP	REF_RV	REF_QUAL	ALT_DP	ALT_RV	ALT_QUAL	ALT_FREQ	TOTAL_DP	PVAL	PASS	GFF_FEATURE	REF_CODON	REF_AA	ALT_CODON	ALT_AA
MN908947.3	174	G	T	0	0	0	327	37	44	1	327	5.64035e-212	TRUE	NA	NA	NA	NA	NA
MN908947.3	241	C	T	0	0	0	346	48	45	0.997118	347	4.8998e-230	TRUE	NA	NA	NA	NA	NA
MN908947.3	1059	C	T	0	0	0	454	147	46	1	454	6.87951e-300	TRUE	NA	NA	NA	NA	NA
MN908947.3	2692	A	T	1	0	37	426	173	48	0.997658	427	2.31063e-283	TRUE	NA	NA	NA	NA	NA
MN908947.3	3037	C	T	0	0	0	502	127	48	1	502	0	TRUE	NA	NA	NA	NA	NA
MN908947.3	4202	C	T	0	0	0	261	132	49	1	261	1.18506e-177	TRUE	NA	NA	NA	NA	NA
MN908947.3	5230	G	T	0	0	0	425	130	47	1	425	2.28275e-284	TRUE	NA	NA	NA	NA	NA
MN908947.3	6106	T	C	0	0	0	228	158	44	1	228	2.82057e-146	TRUE	NA	NA	NA	NA	NA
MN908947.3	9344	C	T	1	0	78	173	63	49	0.994253	174	1.14237e-115	TRUE	NA	NA	NA	NA	NA
MN908947.3	10323	A	G	1	0	34	537	247	49	0.998141	538	0	TRUE	NA	NA	NA	NA	NA
MN908947.3	11287	G	-TCTGGTTTT	672	229	49	825	0	20	0.942857	875	5.14862e-202	TRUE	NA	NA	NA	NA	NA
MN908947.3	11296	T	G	1	0	77	13	6	46	0.928571	14	7.21136e-28	TRUE	NA	NA	NA	NA	NA
MN908947.3	11750	C	T	1158	399	47	891	408	46	0.434846	2049	0	TRUE	NA	NA	NA	NA	NA
MN908947.3	14408	C	T	0	0	0	122	40	49	1	122	6.17415e-83	TRUE	NA	NA	NA	NA	NA
MN908947.3	16393	C	T	1	0	34	547	190	46	0.998175	548	0	TRUE	NA	NA	NA	NA	NA
MN908947.3	21801	A	C	0	0	0	196	70	49	1	196	2.17752e-133	TRUE	NA	NA	NA	NA	NA
MN908947.3	22206	A	G	0	0	0	361	64	47	1	361	3.19373e-245	TRUE	NA	NA	NA	NA	NA
MN908947.3	22280	A	-CTTTACTTG	358	97	47	417	0	20	0.92053	453	9.01278e-102	TRUE	NA	NA	NA	NA	NA
MN908947.3	22813	G	T	0	0	0	415	154	48	1	415	2.60111e-279	TRUE	NA	NA	NA	NA	NA
MN908947.3	23012	G	A	3	1	62	746	268	48	0.994667	750	0	TRUE	NA	NA	NA	NA	NA
MN908947.3	23063	A	T	3	1	65	883	225	47	0.996614	886	0	TRUE	NA	NA	NA	NA	NA
MN908947.3	23403	A	G	0	0	0	999	400	49	0.999	1000	0	TRUE	NA	NA	NA	NA	NA
MN908947.3	23664	C	T	0	0	0	1100	359	50	1	1100	0	TRUE	NA	NA	NA	NA	NA
MN908947.3	25563	G	T	0	0	0	573	252	49	0.996522	575	0	TRUE	NA	NA	NA	NA	NA
MN908947.3	25904	C	T	0	0	0	826	270	50	0.998791	827	0	TRUE	NA	NA	NA	NA	NA
MN908947.3	26456	C	T	1	0	37	753	220	46	0.998674	754	0	TRUE	NA	NA	NA	NA	NA
MN908947.3	27193	T	C	7	5	38	1951	946	46	0.995408	1960	0	TRUE	NA	NA	NA	NA	NA
MN908947.3	28253	C	T	6	2	69	2257	834	48	0.997349	2263	0	TRUE	NA	NA	NA	NA	NA
MN908947.3	28887	C	T	3	0	50	3448	1409	46	0.998841	3452	0	TRUE	NA	NA	NA	NA	NA
