seqName	clade	qc.overallScore	qc.overallStatus	totalGaps	totalInsertions	totalMissing	totalMutations	totalNonACGTNs	totalPcrPrimerChanges	substitutions	deletions	insertions	missing	nonACGTNs	pcrPrimerChanges	aaSubstitutions	totalAminoacidSubstitutions	aaDeletions	totalAminoacidDeletions	alignmentEnd	alignmentScore	alignmentStart	qc.missingData.missingDataThreshold	qc.missingData.score	qc.missingData.status	qc.missingData.totalMissing	qc.mixedSites.mixedSitesThreshold	qc.mixedSites.score	qc.mixedSites.status	qc.mixedSites.totalMixedSites	qc.privateMutations.cutoff	qc.privateMutations.excess	qc.privateMutations.score	qc.privateMutations.status	qc.privateMutations.total	qc.snpClusters.clusteredSNPs	qc.snpClusters.score	qc.snpClusters.status	qc.snpClusters.totalSNPs	errors
Consensus_mmm-sispa-ill-s52247-2.primertrimmed.consensus_threshold_0.75_quality_20	20I (Alpha, V1)	1081.9226474622772	bad	10	0	9181	22	0	4	C292T,C913T,C3267T,T6954C,C14408T,C15279T,T16176C,A23063T,C23604A,C23709T,T24506G,G24914C,C27972T,G28048T,A28111G,G28280C,A28281T,T28282A,G28881A,G28882A,G28883C,C28977T	11288-11297,28274		99-109,136-291,943-1148,1167-1316,1355-1416,1756-1810,1943-2160,2243-2249,2297-2340,2378-2408,2471-2530,2763-2769,2777-2796,2847-2860,2868-3119,3305-3419,3628-3693,3827-3868,3876-3904,3905-3922,3953-3995,4005-4491,5021-5110,5111-5115,5124-5142,5144-5200,5376-5770,5828-5895,5901-6560,6578-6582,7164-7179,7188-7213,7473,7560-7575,7672-7751,7752-7768,7998-8015,8318-9278,9286-9290,9409-9419,9427-9503,9537-9619,9622-9668,9804-9807,10023-10075,10147-10158,10481-10494,13502-13513,13540-13543,13587-13591,13620-13626,14169-14171,14196-14233,14247-14268,14272-14345,14349-14355,14465-14844,14854-14896,14899-15109,16004-16100,16138-16145,16443-16445,17615-17764,17778-17790,17832-17847,17850-17854,18168-18191,18243-18345,18357-18374,19525-19528,19665-19669,19802-19867,20017-20201,20441-20497,20543-20580,20590-20920,20934-20972,21178-21197,21205-21260,21649-22257,22258-22330,22393,23130-23203,23219-23521,24586-24591,24987-25456,25490-25757,25790-25948,26118-26137,26344-26466,26470-26543,26546-26598,26766-26777,29754-29904		ChinaCDC_N_F:G28881A;G28882A;G28883C,ChinaCDC_N_R:C28977T	N:M1X,N:D3L,N:R203K,N:G204R,N:S235F,ORF1a:T1001I,ORF1a:I2230T,ORF1b:P314L,ORF8:Q27*,ORF8:R52I,ORF8:Y73C,S:N501Y,S:P681H,S:T716I,S:S982A,S:D1118H	16	ORF1a:S3675-,ORF1a:G3676-,ORF1a:F3677-	3	29902	89583	0	3000	328.9259259259259	bad	9181	10	0	good	0	24	-5	0	good	3		0	good	0	
